kotlin version: 2.3.20
error message: java.lang.StackOverflowError
	at org.jetbrains.kotlin.parsing.SemanticWhitespaceAwarePsiBuilderImpl.joinComplexTokens(SemanticWhitespaceAwarePsiBuilderImpl.java:125)
	at org.jetbrains.kotlin.parsing.SemanticWhitespaceAwarePsiBuilderImpl.getTokenType(SemanticWhitespaceAwarePsiBuilderImpl.java:145)
	at org.jetbrains.kotlin.parsing.AbstractKotlinParsing.tt(AbstractKotlinParsing.java:167)
	at org.jetbrains.kotlin.parsing.AbstractKotlinParsing.getTokenId(AbstractKotlinParsing.java:162)
	at org.jetbrains.kotlin.parsing.KotlinExpressionParsing.parseAtomicExpression(KotlinExpressionParsing.java:533)
	at org.jetbrains.kotlin.parsing.KotlinExpressionParsing.parsePostfixExpression(KotlinExpressionParsing.java:351)
	at org.jetbrains.kotlin.parsing.KotlinExpressionParsing.parsePrefixExpression(KotlinExpressionParsing.java:278)
	at org.jetbrains.kotlin.parsing.KotlinExpressionParsing.parseBinaryExpression(KotlinExpressionParsing.java:168)
	at org.jetbrains.kotlin.parsing.KotlinExpressionParsing.parseExpression(KotlinExpressionParsing.java:152)
	at org.jetbrains.kotlin.parsing.KotlinExpressionParsing.parseInnerExpressions(KotlinExpressionParsing.java:1001)
	at org.jetbrains.kotlin.parsing.KotlinExpressionParsing.parseAsCollectionLiteralExpression(KotlinExpressionParsing.java:987)
	at org.jetbrains.kotlin.parsing.KotlinExpressionParsing.parseArrayAccess(KotlinExpressionParsing.java:963)
	at org.jetbrains.kotlin.parsing.KotlinExpressionParsing.parsePostfixExpression(KotlinExpressionParsing.java:358)
	at org.jetbrains.kotlin.parsing.KotlinExpressionParsing.parsePrefixExpression(KotlinExpressionParsing.java:278)
	at org.jetbrains.kotlin.parsing.KotlinExpressionParsing.parseBinaryExpression(KotlinExpressionParsing.java:168)
	at org.jetbrains.kotlin.parsing.KotlinExpressionParsing.parseExpression(KotlinExpressionParsing.java:152)
	at org.jetbrains.kotlin.parsing.KotlinExpressionParsing.parseValueArgument(KotlinExpressionParsing.java:1854)
	at org.jetbrains.kotlin.parsing.KotlinExpressionParsing.parseValueArgumentList(KotlinExpressionParsing.java:1810)
	at org.jetbrains.kotlin.parsing.KotlinExpressionParsing.parseCallSuffix(KotlinExpressionParsing.java:405)
	at org.jetbrains.kotlin.parsing.KotlinExpressionParsing.parsePostfixExpression(KotlinExpressionParsing.java:361)
	at org.jetbrains.kotlin.parsing.KotlinExpressionParsing.parsePrefixExpression(KotlinExpressionParsing.java:278)
	at org.jetbrains.kotlin.parsing.KotlinExpressionParsing.parseBinaryExpression(KotlinExpressionParsing.java:168)
	at org.jetbrains.kotlin.parsing.KotlinExpressionParsing.parseExpression(KotlinExpressionParsing.java:152)
	at org.jetbrains.kotlin.parsing.KotlinExpressionParsing.parseValueArgument(KotlinExpressionParsing.java:1854)
	at org.jetbrains.kotlin.parsing.KotlinExpressionParsing.parseValueArgumentList(KotlinExpressionParsing.java:1810)
	at org.jetbrains.kotlin.parsing.KotlinExpressionParsing.parseCallSuffix(KotlinExpressionParsing.java:405)
	at org.jetbrains.kotlin.parsing.KotlinExpressionParsing.parseSelectorCallExpression(KotlinExpressionParsing.java:433)
	at org.jetbrains.kotlin.parsing.KotlinExpressionParsing.parsePostfixExpression(KotlinExpressionParsing.java:375)
	at org.jetbrains.kotlin.parsing.KotlinExpressionParsing.parsePrefixExpression(KotlinExpressionParsing.java:278)
	at org.jetbrains.kotlin.parsing.KotlinExpressionParsing.parseBinaryExpression(KotlinExpressionParsing.java:168)
	at org.jetbrains.kotlin.parsing.KotlinExpressionParsing.parseExpression(KotlinExpressionParsing.java:152)
	at org.jetbrains.kotlin.parsing.KotlinExpressionParsing.parseExpression(KotlinExpressionParsing.java:143)
	at org.jetbrains.kotlin.parsing.KotlinExpressionParsing.parseBlockLevelExpression(KotlinExpressionParsing.java:1320)
	at org.jetbrains.kotlin.parsing.KotlinExpressionParsing.parseStatement(KotlinExpressionParsing.java:1294)
	at org.jetbrains.kotlin.parsing.KotlinExpressionParsing.parseStatements(KotlinExpressionParsing.java:1256)
	at org.jetbrains.kotlin.parsing.KotlinExpressionParsing.parseStatements(KotlinExpressionParsing.java:1242)
	at org.jetbrains.kotlin.parsing.KotlinExpressionParsing.parseFunctionLiteral(KotlinExpressionParsing.java:1127)
	at org.jetbrains.kotlin.parsing.KotlinExpressionParsing.parseAnnotatedLambda(KotlinExpressionParsing.java:488)
	at org.jetbrains.kotlin.parsing.KotlinExpressionParsing.parseControlStructureBody(KotlinExpressionParsing.java:1473)
	at org.jetbrains.kotlin.parsing.KotlinExpressionParsing.parseIf(KotlinExpressionParsing.java:1591)
	at org.jetbrains.kotlin.parsing.KotlinExpressionParsing.parseAtomicExpression(KotlinExpressionParsing.java:562)
	at org.jetbrains.kotlin.parsing.KotlinExpressionParsing.parsePostfixExpression(KotlinExpressionParsing.java:351)
	at org.jetbrains.kotlin.parsing.KotlinExpressionParsing.parsePrefixExpression(KotlinExpressionParsing.java:278)
	at org.jetbrains.kotlin.parsing.KotlinExpressionParsing.parseBinaryExpression(KotlinExpressionParsing.java:168)
	at org.jetbrains.kotlin.parsing.KotlinExpressionParsing.parseExpression(KotlinExpressionParsing.java:152)
	at org.jetbrains.kotlin.parsing.KotlinExpressionParsing.parseExpression(KotlinExpressionParsing.java:143)
	at org.jetbrains.kotlin.parsing.KotlinExpressionParsing.parseBlockLevelExpression(KotlinExpressionParsing.java:1320)
	at org.jetbrains.kotlin.parsing.KotlinExpressionParsing.parseStatement(KotlinExpressionParsing.java:1294)
	at org.jetbrains.kotlin.parsing.KotlinExpressionParsing.parseStatements(KotlinExpressionParsing.java:1256)
	at org.jetbrains.kotlin.parsing.KotlinExpressionParsing.parseStatements(KotlinExpressionParsing.java:1242)
	at org.jetbrains.kotlin.parsing.KotlinExpressionParsing.parseFunctionLiteral(KotlinExpressionParsing.java:1127)
	at org.jetbrains.kotlin.parsing.KotlinExpressionParsing.parseAnnotatedLambda(KotlinExpressionParsing.java:488)
	at org.jetbrains.kotlin.parsing.KotlinExpressionParsing.parseControlStructureBody(KotlinExpressionParsing.java:1473)
	at org.jetbrains.kotlin.parsing.KotlinExpressionParsing.parseIf(KotlinExpressionParsing.java:1578)
	at org.jetbrains.kotlin.parsing.KotlinExpressionParsing.parseAtomicExpression(KotlinExpressionParsing.java:562)
	at org.jetbrains.kotlin.parsing.KotlinExpressionParsing.parsePostfixExpression(KotlinExpressionParsing.java:351)
	at org.jetbrains.kotlin.parsing.KotlinExpressionParsing.parsePrefixExpression(KotlinExpressionParsing.java:278)
	at org.jetbrains.kotlin.parsing.KotlinExpressionParsing.parseBinaryExpression(KotlinExpressionParsing.java:168)
	at org.jetbrains.kotlin.parsing.KotlinExpressionParsing.parseExpression(KotlinExpressionParsing.java:152)
	at org.jetbrains.kotlin.parsing.KotlinExpressionParsing.parseExpression(KotlinExpressionParsing.java:143)
	at org.jetbrains.kotlin.parsing.KotlinExpressionParsing.parseBlockLevelExpression(KotlinExpressionParsing.java:1320)
	at org.jetbrains.kotlin.parsing.KotlinExpressionParsing.parseStatement(KotlinExpressionParsing.java:1294)
	at org.jetbrains.kotlin.parsing.KotlinExpressionParsing.parseStatements(KotlinExpressionParsing.java:1256)
	at org.jetbrains.kotlin.parsing.KotlinExpressionParsing.parseStatements(KotlinExpressionParsing.java:1242)
	at org.jetbrains.kotlin.parsing.KotlinExpressionParsing.parseFunctionLiteral(KotlinExpressionParsing.java:1127)
	at org.jetbrains.kotlin.parsing.KotlinExpressionParsing.parseAnnotatedLambda(KotlinExpressionParsing.java:488)
	at org.jetbrains.kotlin.parsing.KotlinExpressionParsing.parseControlStructureBody(KotlinExpressionParsing.java:1473)
	at org.jetbrains.kotlin.parsing.KotlinExpressionParsing.parseIf(KotlinExpressionParsing.java:1578)
	at org.jetbrains.kotlin.parsing.KotlinExpressionParsing.parseAtomicExpression(KotlinExpressionParsing.java:562)
	at org.jetbrains.kotlin.parsing.KotlinExpressionParsing.parsePostfixExpression(KotlinExpressionParsing.java:351)
	at org.jetbrains.kotlin.parsing.KotlinExpressionParsing.parsePrefixExpression(KotlinExpressionParsing.java:278)
	at org.jetbrains.kotlin.parsing.KotlinExpressionParsing.parseBinaryExpression(KotlinExpressionParsing.java:168)
	at org.jetbrains.kotlin.parsing.KotlinExpressionParsing.parseExpression(KotlinExpressionParsing.java:152)
	at org.jetbrains.kotlin.parsing.KotlinExpressionParsing.parseExpression(KotlinExpressionParsing.java:143)
	at org.jetbrains.kotlin.parsing.KotlinExpressionParsing.parseBlockLevelExpression(KotlinExpressionParsing.java:1320)
	at org.jetbrains.kotlin.parsing.KotlinExpressionParsing.parseStatement(KotlinExpressionParsing.java:1294)
	at org.jetbrains.kotlin.parsing.KotlinExpressionParsing.parseStatements(KotlinExpressionParsing.java:1256)
	at org.jetbrains.kotlin.parsing.KotlinExpressionParsing.parseStatements(KotlinExpressionParsing.java:1242)
	at org.jetbrains.kotlin.parsing.KotlinExpressionParsing.parseFunctionLiteral(KotlinExpressionParsing.java:1127)
	at org.jetbrains.kotlin.parsing.KotlinExpressionParsing.parseAnnotatedLambda(KotlinExpressionParsing.java:488)
	at org.jetbrains.kotlin.parsing.KotlinExpressionParsing.parseControlStructureBody(KotlinExpressionParsing.java:1473)
	at org.jetbrains.kotlin.parsing.KotlinExpressionParsing.parseIf(KotlinExpressionParsing.java:1578)
	at org.jetbrains.kotlin.parsing.KotlinExpressionParsing.parseAtomicExpression(KotlinExpressionParsing.java:562)
	at org.jetbrains.kotlin.parsing.KotlinExpressionParsing.parsePostfixExpression(KotlinExpressionParsing.java:351)
	at org.jetbrains.kotlin.parsing.KotlinExpressionParsing.parsePrefixExpression(KotlinExpressionParsing.java:278)
	at org.jetbrains.kotlin.parsing.KotlinExpressionParsing.parseBinaryExpression(KotlinExpressionParsing.java:168)
	at org.jetbrains.kotlin.parsing.KotlinExpressionParsing.parseExpression(KotlinExpressionParsing.java:152)
	at org.jetbrains.kotlin.parsing.KotlinExpressionParsing.parseExpression(KotlinExpressionParsing.java:143)
	at org.jetbrains.kotlin.parsing.KotlinExpressionParsing.parseBlockLevelExpression(KotlinExpressionParsing.java:1320)
	at org.jetbrains.kotlin.parsing.KotlinExpressionParsing.parseStatement(KotlinExpressionParsing.java:1294)
	at org.jetbrains.kotlin.parsing.KotlinExpressionParsing.parseStatements(KotlinExpressionParsing.java:1256)
	at org.jetbrains.kotlin.parsing.KotlinExpressionParsing.parseStatements(KotlinExpressionParsing.java:1242)
	at org.jetbrains.kotlin.parsing.KotlinExpressionParsing.parseFunctionLiteral(KotlinExpressionParsing.java:1127)
	at org.jetbrains.kotlin.parsing.KotlinExpressionParsing.parseAnnotatedLambda(KotlinExpressionParsing.java:488)
	at org.jetbrains.kotlin.parsing.KotlinExpressionParsing.parseControlStructureBody(KotlinExpressionParsing.java:1473)
	at org.jetbrains.kotlin.parsing.KotlinExpressionParsing.parseLoopBody(KotlinExpressionParsing.java:1484)
	at org.jetbrains.kotlin.parsing.KotlinExpressionParsing.parseFor(KotlinExpressionParsing.java:1467)
	at org.jetbrains.kotlin.parsing.KotlinExpressionParsing.parseAtomicExpression(KotlinExpressionParsing.java:571)
	at org.jetbrains.kotlin.parsing.KotlinExpressionParsing.parsePostfixExpression(KotlinExpressionParsing.java:351)
	at org.jetbrains.kotlin.parsing.KotlinExpressionParsing.parsePrefixExpression(KotlinExpressionParsing.java:278)
	at org.jetbrains.kotlin.parsing.KotlinExpressionParsing.parseBinaryExpression(KotlinExpressionParsing.java:168)
	at org.jetbrains.kotlin.parsing.KotlinExpressionParsing.parseExpression(KotlinExpressionParsing.java:152)
	at org.jetbrains.kotlin.parsing.KotlinExpressionParsing.parseExpression(KotlinExpressionParsing.java:143)
	at org.jetbrains.kotlin.parsing.KotlinExpressionParsing.parseBlockLevelExpression(KotlinExpressionParsing.java:1320)
	at org.jetbrains.kotlin.parsing.KotlinExpressionParsing.parseStatement(KotlinExpressionParsing.java:1294)
	at org.jetbrains.kotlin.parsing.KotlinExpressionParsing.parseStatements(KotlinExpressionParsing.java:1256)
	at org.jetbrains.kotlin.parsing.KotlinExpressionParsing.parseStatements(KotlinExpressionParsing.java:1242)
	at org.jetbrains.kotlin.parsing.KotlinExpressionParsing.parseFunctionLiteral(KotlinExpressionParsing.java:1127)
	at org.jetbrains.kotlin.parsing.KotlinExpressionParsing.parseAnnotatedLambda(KotlinExpressionParsing.java:488)
	at org.jetbrains.kotlin.parsing.KotlinExpressionParsing.parseControlStructureBody(KotlinExpressionParsing.java:1473)
	at org.jetbrains.kotlin.parsing.KotlinExpressionParsing.parseIf(KotlinExpressionParsing.java:1578)
	at org.jetbrains.kotlin.parsing.KotlinExpressionParsing.parseAtomicExpression(KotlinExpressionParsing.java:562)
	at org.jetbrains.kotlin.parsing.KotlinExpressionParsing.parsePostfixExpression(KotlinExpressionParsing.java:351)
	at org.jetbrains.kotlin.parsing.KotlinExpressionParsing.parsePrefixExpression(KotlinExpressionParsing.java:278)
	at org.jetbrains.kotlin.parsing.KotlinExpressionParsing.parseBinaryExpression(KotlinExpressionParsing.java:168)
	at org.jetbrains.kotlin.parsing.KotlinExpressionParsing.parseExpression(KotlinExpressionParsing.java:152)
	at org.jetbrains.kotlin.parsing.KotlinExpressionParsing.parseExpression(KotlinExpressionParsing.java:143)
	at org.jetbrains.kotlin.parsing.KotlinExpressionParsing.parseBlockLevelExpression(KotlinExpressionParsing.java:1320)
	at org.jetbrains.kotlin.parsing.KotlinExpressionParsing.parseStatement(KotlinExpressionParsing.java:1294)
	at org.jetbrains.kotlin.parsing.KotlinExpressionParsing.parseStatements(KotlinExpressionParsing.java:1256)
	at org.jetbrains.kotlin.parsing.KotlinExpressionParsing.parseStatements(KotlinExpressionParsing.java:1242)
	at org.jetbrains.kotlin.parsing.KotlinExpressionParsing.parseFunctionLiteral(KotlinExpressionParsing.java:1127)
	at org.jetbrains.kotlin.parsing.KotlinExpressionParsing.parseAnnotatedLambda(KotlinExpressionParsing.java:488)
	at org.jetbrains.kotlin.parsing.KotlinExpressionParsing.parseControlStructureBody(KotlinExpressionParsing.java:1473)
	at org.jetbrains.kotlin.parsing.KotlinExpressionParsing.parseIf(KotlinExpressionParsing.java:1578)
	at org.jetbrains.kotlin.parsing.KotlinExpressionParsing.parseAtomicExpression(KotlinExpressionParsing.java:562)
	at org.jetbrains.kotlin.parsing.KotlinExpressionParsing.parsePostfixExpression(KotlinExpressionParsing.java:351)
	at org.jetbrains.kotlin.parsing.KotlinExpressionParsing.parsePrefixExpression(KotlinExpressionParsing.java:278)
	at org.jetbrains.kotlin.parsing.KotlinExpressionParsing.parseBinaryExpression(KotlinExpressionParsing.java:168)
	at org.jetbrains.kotlin.parsing.KotlinExpressionParsing.parseExpression(KotlinExpressionParsing.java:152)
	at org.jetbrains.kotlin.parsing.KotlinExpressionParsing.parseExpression(KotlinExpressionParsing.java:143)
	at org.jetbrains.kotlin.parsing.KotlinExpressionParsing.parseBlockLevelExpression(KotlinExpressionParsing.java:1320)
	at org.jetbrains.kotlin.parsing.KotlinExpressionParsing.parseStatement(KotlinExpressionParsing.java:1294)
	at org.jetbrains.kotlin.parsing.KotlinExpressionParsing.parseStatements(KotlinExpressionParsing.java:1256)
	at org.jetbrains.kotlin.parsing.KotlinExpressionParsing.parseStatements(KotlinExpressionParsing.java:1242)
	at org.jetbrains.kotlin.parsing.KotlinExpressionParsing.parseFunctionLiteral(KotlinExpressionParsing.java:1127)
	at org.jetbrains.kotlin.parsing.KotlinExpressionParsing.parseAnnotatedLambda(KotlinExpressionParsing.java:488)
	at org.jetbrains.kotlin.parsing.KotlinExpressionParsing.parseControlStructureBody(KotlinExpressionParsing.java:1473)
	at org.jetbrains.kotlin.parsing.KotlinExpressionParsing.parseIf(KotlinExpressionParsing.java:1578)
	at org.jetbrains.kotlin.parsing.KotlinExpressionParsing.parseAtomicExpression(KotlinExpressionParsing.java:562)
	at org.jetbrains.kotlin.parsing.KotlinExpressionParsing.parsePostfixExpression(KotlinExpressionParsing.java:351)
	at org.jetbrains.kotlin.parsing.KotlinExpressionParsing.parsePrefixExpression(KotlinExpressionParsing.java:278)
	at org.jetbrains.kotlin.parsing.KotlinExpressionParsing.parseBinaryExpression(KotlinExpressionParsing.java:168)
	at org.jetbrains.kotlin.parsing.KotlinExpressionParsing.parseExpression(KotlinExpressionParsing.java:152)
	at org.jetbrains.kotlin.parsing.KotlinExpressionParsing.parseExpression(KotlinExpressionParsing.java:143)
	at org.jetbrains.kotlin.parsing.KotlinExpressionParsing.parseBlockLevelExpression(KotlinExpressionParsing.java:1320)
	at org.jetbrains.kotlin.parsing.KotlinExpressionParsing.parseStatement(KotlinExpressionParsing.java:1294)
	at org.jetbrains.kotlin.parsing.KotlinExpressionParsing.parseStatements(KotlinExpressionParsing.java:1256)
	at org.jetbrains.kotlin.parsing.KotlinExpressionParsing.parseStatements(KotlinExpressionParsing.java:1242)
	at org.jetbrains.kotlin.parsing.KotlinExpressionParsing.parseFunctionLiteral(KotlinExpressionParsing.java:1127)
	at org.jetbrains.kotlin.parsing.KotlinExpressionParsing.parseAnnotatedLambda(KotlinExpressionParsing.java:488)
	at org.jetbrains.kotlin.parsing.KotlinExpressionParsing.parseControlStructureBody(KotlinExpressionParsing.java:1473)
	at org.jetbrains.kotlin.parsing.KotlinExpressionParsing.parseIf(KotlinExpressionParsing.java:1578)
	at org.jetbrains.kotlin.parsing.KotlinExpressionParsing.parseAtomicExpression(KotlinExpressionParsing.java:562)
	at org.jetbrains.kotlin.parsing.KotlinExpressionParsing.parsePostfixExpression(KotlinExpressionParsing.java:351)
	at org.jetbrains.kotlin.parsing.KotlinExpressionParsing.parsePrefixExpression(KotlinExpressionParsing.java:278)
	at org.jetbrains.kotlin.parsing.KotlinExpressionParsing.parseBinaryExpression(KotlinExpressionParsing.java:168)
	at org.jetbrains.kotlin.parsing.KotlinExpressionParsing.parseExpression(KotlinExpressionParsing.java:152)
	at org.jetbrains.kotlin.parsing.KotlinExpressionParsing.parseExpression(KotlinExpressionParsing.java:143)
	at org.jetbrains.kotlin.parsing.KotlinExpressionParsing.parseBlockLevelExpression(KotlinExpressionParsing.java:1320)
	at org.jetbrains.kotlin.parsing.KotlinExpressionParsing.parseStatement(KotlinExpressionParsing.java:1294)
	at org.jetbrains.kotlin.parsing.KotlinExpressionParsing.parseStatements(KotlinExpressionParsing.java:1256)
	at org.jetbrains.kotlin.parsing.KotlinExpressionParsing.parseStatements(KotlinExpressionParsing.java:1242)
	at org.jetbrains.kotlin.parsing.KotlinExpressionParsing.parseFunctionLiteral(KotlinExpressionParsing.java:1127)
	at org.jetbrains.kotlin.parsing.KotlinExpressionParsing.parseAnnotatedLambda(KotlinExpressionParsing.java:488)
	at org.jetbrains.kotlin.parsing.KotlinExpressionParsing.parseControlStructureBody(KotlinExpressionParsing.java:1473)
	at org.jetbrains.kotlin.parsing.KotlinExpressionParsing.parseIf(KotlinExpressionParsing.java:1578)
	at org.jetbrains.kotlin.parsing.KotlinExpressionParsing.parseAtomicExpression(KotlinExpressionParsing.java:562)
	at org.jetbrains.kotlin.parsing.KotlinExpressionParsing.parsePostfixExpression(KotlinExpressionParsing.java:351)
	at org.jetbrains.kotlin.parsing.KotlinExpressionParsing.parsePrefixExpression(KotlinExpressionParsing.java:278)
	at org.jetbrains.kotlin.parsing.KotlinExpressionParsing.parseBinaryExpression(KotlinExpressionParsing.java:168)
	at org.jetbrains.kotlin.parsing.KotlinExpressionParsing.parseExpression(KotlinExpressionParsing.java:152)
	at org.jetbrains.kotlin.parsing.KotlinExpressionParsing.parseExpression(KotlinExpressionParsing.java:143)
	at org.jetbrains.kotlin.parsing.KotlinExpressionParsing.parseBlockLevelExpression(KotlinExpressionParsing.java:1320)
	at org.jetbrains.kotlin.parsing.KotlinExpressionParsing.parseStatement(KotlinExpressionParsing.java:1294)
	at org.jetbrains.kotlin.parsing.KotlinExpressionParsing.parseStatements(KotlinExpressionParsing.java:1256)
	at org.jetbrains.kotlin.parsing.KotlinExpressionParsing.parseStatements(KotlinExpressionParsing.java:1242)
	at org.jetbrains.kotlin.parsing.KotlinExpressionParsing.parseFunctionLiteral(KotlinExpressionParsing.java:1127)
	at org.jetbrains.kotlin.parsing.KotlinExpressionParsing.parseAnnotatedLambda(KotlinExpressionParsing.java:488)
	at org.jetbrains.kotlin.parsing.KotlinExpressionParsing.parseControlStructureBody(KotlinExpressionParsing.java:1473)
	at org.jetbrains.kotlin.parsing.KotlinExpressionParsing.parseIf(KotlinExpressionParsing.java:1578)
	at org.jetbrains.kotlin.parsing.KotlinExpressionParsing.parseAtomicExpression(KotlinExpressionParsing.java:562)
	at org.jetbrains.kotlin.parsing.KotlinExpressionParsing.parsePostfixExpression(KotlinExpressionParsing.java:351)
	at org.jetbrains.kotlin.parsing.KotlinExpressionParsing.parsePrefixExpression(KotlinExpressionParsing.java:278)
	at org.jetbrains.kotlin.parsing.KotlinExpressionParsing.parseBinaryExpression(KotlinExpressionParsing.java:168)
	at org.jetbrains.kotlin.parsing.KotlinExpressionParsing.parseExpression(KotlinExpressionParsing.java:152)
	at org.jetbrains.kotlin.parsing.KotlinExpressionParsing.parseExpression(KotlinExpressionParsing.java:143)
	at org.jetbrains.kotlin.parsing.KotlinExpressionParsing.parseBlockLevelExpression(KotlinExpressionParsing.java:1320)
	at org.jetbrains.kotlin.parsing.KotlinExpressionParsing.parseStatement(KotlinExpressionParsing.java:1294)
	at org.jetbrains.kotlin.parsing.KotlinExpressionParsing.parseStatements(KotlinExpressionParsing.java:1256)
	at org.jetbrains.kotlin.parsing.KotlinExpressionParsing.parseStatements(KotlinExpressionParsing.java:1242)
	at org.jetbrains.kotlin.parsing.KotlinExpressionParsing.parseFunctionLiteral(KotlinExpressionParsing.java:1127)
	at org.jetbrains.kotlin.parsing.KotlinExpressionParsing.parseAnnotatedLambda(KotlinExpressionParsing.java:488)
	at org.jetbrains.kotlin.parsing.KotlinExpressionParsing.parseControlStructureBody(KotlinExpressionParsing.java:1473)
	at org.jetbrains.kotlin.parsing.KotlinExpressionParsing.parseIf(KotlinExpressionParsing.java:1578)
	at org.jetbrains.kotlin.parsing.KotlinExpressionParsing.parseAtomicExpression(KotlinExpressionParsing.java:562)
	at org.jetbrains.kotlin.parsing.KotlinExpressionParsing.parsePostfixExpression(KotlinExpressionParsing.java:351)
	at org.jetbrains.kotlin.parsing.KotlinExpressionParsing.parsePrefixExpression(KotlinExpressionParsing.java:278)
	at org.jetbrains.kotlin.parsing.KotlinExpressionParsing.parseBinaryExpression(KotlinExpressionParsing.java:168)
	at org.jetbrains.kotlin.parsing.KotlinExpressionParsing.parseExpression(KotlinExpressionParsing.java:152)
	at org.jetbrains.kotlin.parsing.KotlinExpressionParsing.parseExpression(KotlinExpressionParsing.java:143)
	at org.jetbrains.kotlin.parsing.KotlinExpressionParsing.parseBlockLevelExpression(KotlinExpressionParsing.java:1320)
	at org.jetbrains.kotlin.parsing.KotlinExpressionParsing.parseStatement(KotlinExpressionParsing.java:1294)
	at org.jetbrains.kotlin.parsing.KotlinExpressionParsing.parseStatements(KotlinExpressionParsing.java:1256)
	at org.jetbrains.kotlin.parsing.KotlinExpressionParsing.parseStatements(KotlinExpressionParsing.java:1242)
	at org.jetbrains.kotlin.parsing.KotlinExpressionParsing.parseFunctionLiteral(KotlinExpressionParsing.java:1127)
	at org.jetbrains.kotlin.parsing.KotlinExpressionParsing.parseAnnotatedLambda(KotlinExpressionParsing.java:488)
	at org.jetbrains.kotlin.parsing.KotlinExpressionParsing.parseControlStructureBody(KotlinExpressionParsing.java:1473)
	at org.jetbrains.kotlin.parsing.KotlinExpressionParsing.parseIf(KotlinExpressionParsing.java:1578)
	at org.jetbrains.kotlin.parsing.KotlinExpressionParsing.parseAtomicExpression(KotlinExpressionParsing.java:562)
	at org.jetbrains.kotlin.parsing.KotlinExpressionParsing.parsePostfixExpression(KotlinExpressionParsing.java:351)
	at org.jetbrains.kotlin.parsing.KotlinExpressionParsing.parsePrefixExpression(KotlinExpressionParsing.java:278)
	at org.jetbrains.kotlin.parsing.KotlinExpressionParsing.parseBinaryExpression(KotlinExpressionParsing.java:168)
	at org.jetbrains.kotlin.parsing.KotlinExpressionParsing.parseExpression(KotlinExpressionParsing.java:152)
	at org.jetbrains.kotlin.parsing.KotlinExpressionParsing.parseExpression(KotlinExpressionParsing.java:143)
	at org.jetbrains.kotlin.parsing.KotlinExpressionParsing.parseBlockLevelExpression(KotlinExpressionParsing.java:1320)
	at org.jetbrains.kotlin.parsing.KotlinExpressionParsing.parseStatement(KotlinExpressionParsing.java:1294)
	at org.jetbrains.kotlin.parsing.KotlinExpressionParsing.parseStatements(KotlinExpressionParsing.java:1256)
	at org.jetbrains.kotlin.parsing.KotlinExpressionParsing.parseStatements(KotlinExpressionParsing.java:1242)
	at org.jetbrains.kotlin.parsing.KotlinExpressionParsing.parseFunctionLiteral(KotlinExpressionParsing.java:1127)
	at org.jetbrains.kotlin.parsing.KotlinExpressionParsing.parseAnnotatedLambda(KotlinExpressionParsing.java:488)
	at org.jetbrains.kotlin.parsing.KotlinExpressionParsing.parseControlStructureBody(KotlinExpressionParsing.java:1473)
	at org.jetbrains.kotlin.parsing.KotlinExpressionParsing.parseIf(KotlinExpressionParsing.java:1578)
	at org.jetbrains.kotlin.parsing.KotlinExpressionParsing.parseAtomicExpression(KotlinExpressionParsing.java:562)
	at org.jetbrains.kotlin.parsing.KotlinExpressionParsing.parsePostfixExpression(KotlinExpressionParsing.java:351)
	at org.jetbrains.kotlin.parsing.KotlinExpressionParsing.parsePrefixExpression(KotlinExpressionParsing.java:278)
	at org.jetbrains.kotlin.parsing.KotlinExpressionParsing.parseBinaryExpression(KotlinExpressionParsing.java:168)
	at org.jetbrains.kotlin.parsing.KotlinExpressionParsing.parseExpression(KotlinExpressionParsing.java:152)
	at org.jetbrains.kotlin.parsing.KotlinExpressionParsing.parseExpression(KotlinExpressionParsing.java:143)
	at org.jetbrains.kotlin.parsing.KotlinExpressionParsing.parseBlockLevelExpression(KotlinExpressionParsing.java:1320)
	at org.jetbrains.kotlin.parsing.KotlinExpressionParsing.parseStatement(KotlinExpressionParsing.java:1294)
	at org.jetbrains.kotlin.parsing.KotlinExpressionParsing.parseStatements(KotlinExpressionParsing.java:1256)
	at org.jetbrains.kotlin.parsing.KotlinExpressionParsing.parseStatements(KotlinExpressionParsing.java:1242)
	at org.jetbrains.kotlin.parsing.KotlinExpressionParsing.parseFunctionLiteral(KotlinExpressionParsing.java:1127)
	at org.jetbrains.kotlin.parsing.KotlinExpressionParsing.parseAnnotatedLambda(KotlinExpressionParsing.java:488)
	at org.jetbrains.kotlin.parsing.KotlinExpressionParsing.parseControlStructureBody(KotlinExpressionParsing.java:1473)
	at org.jetbrains.kotlin.parsing.KotlinExpressionParsing.parseIf(KotlinExpressionParsing.java:1578)
	at org.jetbrains.kotlin.parsing.KotlinExpressionParsing.parseAtomicExpression(KotlinExpressionParsing.java:562)
	at org.jetbrains.kotlin.parsing.KotlinExpressionParsing.parsePostfixExpression(KotlinExpressionParsing.java:351)
	at org.jetbrains.kotlin.parsing.KotlinExpressionParsing.parsePrefixExpression(KotlinExpressionParsing.java:278)
	at org.jetbrains.kotlin.parsing.KotlinExpressionParsing.parseBinaryExpression(KotlinExpressionParsing.java:168)
	at org.jetbrains.kotlin.parsing.KotlinExpressionParsing.parseExpression(KotlinExpressionParsing.java:152)
	at org.jetbrains.kotlin.parsing.KotlinExpressionParsing.parseExpression(KotlinExpressionParsing.java:143)
	at org.jetbrains.kotlin.parsing.KotlinExpressionParsing.parseBlockLevelExpression(KotlinExpressionParsing.java:1320)
	at org.jetbrains.kotlin.parsing.KotlinExpressionParsing.parseStatement(KotlinExpressionParsing.java:1294)
	at org.jetbrains.kotlin.parsing.KotlinExpressionParsing.parseStatements(KotlinExpressionParsing.java:1256)
	at org.jetbrains.kotlin.parsing.KotlinExpressionParsing.parseStatements(KotlinExpressionParsing.java:1242)
	at org.jetbrains.kotlin.parsing.KotlinExpressionParsing.parseFunctionLiteral(KotlinExpressionParsing.java:1127)
	at org.jetbrains.kotlin.parsing.KotlinExpressionParsing.parseAnnotatedLambda(KotlinExpressionParsing.java:488)
	at org.jetbrains.kotlin.parsing.KotlinExpressionParsing.parseControlStructureBody(KotlinExpressionParsing.java:1473)
	at org.jetbrains.kotlin.parsing.KotlinExpressionParsing.parseIf(KotlinExpressionParsing.java:1578)
	at org.jetbrains.kotlin.parsing.KotlinExpressionParsing.parseAtomicExpression(KotlinExpressionParsing.java:562)
	at org.jetbrains.kotlin.parsing.KotlinExpressionParsing.parseSelectorCallExpression(KotlinExpressionParsing.java:432)
	at org.jetbrains.kotlin.parsing.KotlinExpressionParsing.parsePostfixExpression(KotlinExpressionParsing.java:375)
	at org.jetbrains.kotlin.parsing.KotlinExpressionParsing.parsePrefixExpression(KotlinExpressionParsing.java:278)
	at org.jetbrains.kotlin.parsing.KotlinExpressionParsing.parseBinaryExpression(KotlinExpressionParsing.java:168)
	at org.jetbrains.kotlin.parsing.KotlinExpressionParsing.parseExpression(KotlinExpressionParsing.java:152)
	at org.jetbrains.kotlin.parsing.KotlinExpressionParsing.parseExpression(KotlinExpressionParsing.java:143)
	at org.jetbrains.kotlin.parsing.KotlinExpressionParsing.parseBlockLevelExpression(KotlinExpressionParsing.java:1320)
	at org.jetbrains.kotlin.parsing.KotlinExpressionParsing.parseStatement(KotlinExpressionParsing.java:1294)
	at org.jetbrains.kotlin.parsing.KotlinExpressionParsing.parseStatements(KotlinExpressionParsing.java:1256)
	at org.jetbrains.kotlin.parsing.KotlinExpressionParsing.parseStatements(KotlinExpressionParsing.java:1242)
	at org.jetbrains.kotlin.parsing.KotlinExpressionParsing.parseFunctionLiteral(KotlinExpressionParsing.java:1127)
	at org.jetbrains.kotlin.parsing.KotlinExpressionParsing.parseAnnotatedLambda(KotlinExpressionParsing.java:488)
	at org.jetbrains.kotlin.parsing.KotlinExpressionParsing.parseControlStructureBody(KotlinExpressionParsing.java:1473)
	at org.jetbrains.kotlin.parsing.KotlinExpressionParsing.parseIf(KotlinExpressionParsing.java:1578)
	at org.jetbrains.kotlin.parsing.KotlinExpressionParsing.parseAtomicExpression(KotlinExpressionParsing.java:562)
	at org.jetbrains.kotlin.parsing.KotlinExpressionParsing.parsePostfixExpression(KotlinExpressionParsing.java:351)
	at org.jetbrains.kotlin.parsing.KotlinExpressionParsing.parsePrefixExpression(KotlinExpressionParsing.java:278)
	at org.jetbrains.kotlin.parsing.KotlinExpressionParsing.parseBinaryExpression(KotlinExpressionParsing.java:168)
	at org.jetbrains.kotlin.parsing.KotlinExpressionParsing.parseExpression(KotlinExpressionParsing.java:152)
	at org.jetbrains.kotlin.parsing.KotlinExpressionParsing.parseExpression(KotlinExpressionParsing.java:143)
	at org.jetbrains.kotlin.parsing.KotlinExpressionParsing.parseBlockLevelExpression(KotlinExpressionParsing.java:1320)
	at org.jetbrains.kotlin.parsing.KotlinExpressionParsing.parseStatement(KotlinExpressionParsing.java:1294)
	at org.jetbrains.kotlin.parsing.KotlinExpressionParsing.parseStatements(KotlinExpressionParsing.java:1256)
	at org.jetbrains.kotlin.parsing.KotlinExpressionParsing.parseStatements(KotlinExpressionParsing.java:1242)
	at org.jetbrains.kotlin.parsing.KotlinExpressionParsing.parseFunctionLiteral(KotlinExpressionParsing.java:1127)
	at org.jetbrains.kotlin.parsing.KotlinExpressionParsing.parseAnnotatedLambda(KotlinExpressionParsing.java:488)
	at org.jetbrains.kotlin.parsing.KotlinExpressionParsing.parseControlStructureBody(KotlinExpressionParsing.java:1473)
	at org.jetbrains.kotlin.parsing.KotlinExpressionParsing.parseIf(KotlinExpressionParsing.java:1578)
	at org.jetbrains.kotlin.parsing.KotlinExpressionParsing.parseAtomicExpression(KotlinExpressionParsing.java:562)
	at org.jetbrains.kotlin.parsing.KotlinExpressionParsing.parsePostfixExpression(KotlinExpressionParsing.java:351)
	at org.jetbrains.kotlin.parsing.KotlinExpressionParsing.parsePrefixExpression(KotlinExpressionParsing.java:278)
	at org.jetbrains.kotlin.parsing.KotlinExpressionParsing.parseBinaryExpression(KotlinExpressionParsing.java:168)
	at org.jetbrains.kotlin.parsing.KotlinExpressionParsing.parseExpression(KotlinExpressionParsing.java:152)
	at org.jetbrains.kotlin.parsing.KotlinExpressionParsing.parseExpression(KotlinExpressionParsing.java:143)
	at org.jetbrains.kotlin.parsing.KotlinExpressionParsing.parseBlockLevelExpression(KotlinExpressionParsing.java:1320)
	at org.jetbrains.kotlin.parsing.KotlinExpressionParsing.parseStatement(KotlinExpressionParsing.java:1294)
	at org.jetbrains.kotlin.parsing.KotlinExpressionParsing.parseStatements(KotlinExpressionParsing.java:1256)
	at org.jetbrains.kotlin.parsing.KotlinExpressionParsing.parseStatements(KotlinExpressionParsing.java:1242)
	at org.jetbrains.kotlin.parsing.KotlinExpressionParsing.parseFunctionLiteral(KotlinExpressionParsing.java:1127)
	at org.jetbrains.kotlin.parsing.KotlinExpressionParsing.parseAnnotatedLambda(KotlinExpressionParsing.java:488)
	at org.jetbrains.kotlin.parsing.KotlinExpressionParsing.parseControlStructureBody(KotlinExpressionParsing.java:1473)
	at org.jetbrains.kotlin.parsing.KotlinExpressionParsing.parseIf(KotlinExpressionParsing.java:1578)
	at org.jetbrains.kotlin.parsing.KotlinExpressionParsing.parseAtomicExpression(KotlinExpressionParsing.java:562)
	at org.jetbrains.kotlin.parsing.KotlinExpressionParsing.parsePostfixExpression(KotlinExpressionParsing.java:351)
	at org.jetbrains.kotlin.parsing.KotlinExpressionParsing.parsePrefixExpression(KotlinExpressionParsing.java:278)
	at org.jetbrains.kotlin.parsing.KotlinExpressionParsing.parseBinaryExpression(KotlinExpressionParsing.java:168)
	at org.jetbrains.kotlin.parsing.KotlinExpressionParsing.parseExpression(KotlinExpressionParsing.java:152)
	at org.jetbrains.kotlin.parsing.KotlinExpressionParsing.parseExpression(KotlinExpressionParsing.java:143)
	at org.jetbrains.kotlin.parsing.KotlinExpressionParsing.parseBlockLevelExpression(KotlinExpressionParsing.java:1320)
	at org.jetbrains.kotlin.parsing.KotlinExpressionParsing.parseStatement(KotlinExpressionParsing.java:1294)
	at org.jetbrains.kotlin.parsing.KotlinExpressionParsing.parseStatements(KotlinExpressionParsing.java:1256)
	at org.jetbrains.kotlin.parsing.KotlinExpressionParsing.parseStatements(KotlinExpressionParsing.java:1242)
	at org.jetbrains.kotlin.parsing.KotlinExpressionParsing.parseFunctionLiteral(KotlinExpressionParsing.java:1127)
	at org.jetbrains.kotlin.parsing.KotlinExpressionParsing.parseAnnotatedLambda(KotlinExpressionParsing.java:488)
	at org.jetbrains.kotlin.parsing.KotlinExpressionParsing.parseControlStructureBody(KotlinExpressionParsing.java:1473)
	at org.jetbrains.kotlin.parsing.KotlinExpressionParsing.parseIf(KotlinExpressionParsing.java:1578)
	at org.jetbrains.kotlin.parsing.KotlinExpressionParsing.parseAtomicExpression(KotlinExpressionParsing.java:562)
	at org.jetbrains.kotlin.parsing.KotlinExpressionParsing.parsePostfixExpression(KotlinExpressionParsing.java:351)
	at org.jetbrains.kotlin.parsing.KotlinExpressionParsing.parsePrefixExpression(KotlinExpressionParsing.java:278)
	at org.jetbrains.kotlin.parsing.KotlinExpressionParsing.parseBinaryExpression(KotlinExpressionParsing.java:168)
	at org.jetbrains.kotlin.parsing.KotlinExpressionParsing.parseExpression(KotlinExpressionParsing.java:152)
	at org.jetbrains.kotlin.parsing.KotlinExpressionParsing.parseExpression(KotlinExpressionParsing.java:143)
	at org.jetbrains.kotlin.parsing.KotlinExpressionParsing.parseBlockLevelExpression(KotlinExpressionParsing.java:1320)
	at org.jetbrains.kotlin.parsing.KotlinExpressionParsing.parseStatement(KotlinExpressionParsing.java:1294)
	at org.jetbrains.kotlin.parsing.KotlinExpressionParsing.parseStatements(KotlinExpressionParsing.java:1256)
	at org.jetbrains.kotlin.parsing.KotlinExpressionParsing.parseStatements(KotlinExpressionParsing.java:1242)
	at org.jetbrains.kotlin.parsing.KotlinExpressionParsing.parseFunctionLiteral(KotlinExpressionParsing.java:1127)
	at org.jetbrains.kotlin.parsing.KotlinExpressionParsing.parseAnnotatedLambda(KotlinExpressionParsing.java:488)
	at org.jetbrains.kotlin.parsing.KotlinExpressionParsing.parseControlStructureBody(KotlinExpressionParsing.java:1473)
	at org.jetbrains.kotlin.parsing.KotlinExpressionParsing.parseIf(KotlinExpressionParsing.java:1578)
	at org.jetbrains.kotlin.parsing.KotlinExpressionParsing.parseAtomicExpression(KotlinExpressionParsing.java:562)
	at org.jetbrains.kotlin.parsing.KotlinExpressionParsing.parsePostfixExpression(KotlinExpressionParsing.java:351)
	at org.jetbrains.kotlin.parsing.KotlinExpressionParsing.parsePrefixExpression(KotlinExpressionParsing.java:278)
	at org.jetbrains.kotlin.parsing.KotlinExpressionParsing.parseBinaryExpression(KotlinExpressionParsing.java:168)
	at org.jetbrains.kotlin.parsing.KotlinExpressionParsing.parseExpression(KotlinExpressionParsing.java:152)
	at org.jetbrains.kotlin.parsing.KotlinExpressionParsing.parseExpression(KotlinExpressionParsing.java:143)
	at org.jetbrains.kotlin.parsing.KotlinExpressionParsing.parseBlockLevelExpression(KotlinExpressionParsing.java:1320)
	at org.jetbrains.kotlin.parsing.KotlinExpressionParsing.parseStatement(KotlinExpressionParsing.java:1294)
	at org.jetbrains.kotlin.parsing.KotlinExpressionParsing.parseStatements(KotlinExpressionParsing.java:1256)
	at org.jetbrains.kotlin.parsing.KotlinExpressionParsing.parseStatements(KotlinExpressionParsing.java:1242)
	at org.jetbrains.kotlin.parsing.KotlinExpressionParsing.parseFunctionLiteral(KotlinExpressionParsing.java:1127)
	at org.jetbrains.kotlin.parsing.KotlinExpressionParsing.parseAnnotatedLambda(KotlinExpressionParsing.java:488)
	at org.jetbrains.kotlin.parsing.KotlinExpressionParsing.parseControlStructureBody(KotlinExpressionParsing.java:1473)
	at org.jetbrains.kotlin.parsing.KotlinExpressionParsing.parseIf(KotlinExpressionParsing.java:1578)
	at org.jetbrains.kotlin.parsing.KotlinExpressionParsing.parseAtomicExpression(KotlinExpressionParsing.java:562)
	at org.jetbrains.kotlin.parsing.KotlinExpressionParsing.parsePostfixExpression(KotlinExpressionParsing.java:351)
	at org.jetbrains.kotlin.parsing.KotlinExpressionParsing.parsePrefixExpression(KotlinExpressionParsing.java:278)
	at org.jetbrains.kotlin.parsing.KotlinExpressionParsing.parseBinaryExpression(KotlinExpressionParsing.java:168)
	at org.jetbrains.kotlin.parsing.KotlinExpressionParsing.parseExpression(KotlinExpressionParsing.java:152)
	at org.jetbrains.kotlin.parsing.KotlinExpressionParsing.parseExpression(KotlinExpressionParsing.java:143)
	at org.jetbrains.kotlin.parsing.KotlinExpressionParsing.parseBlockLevelExpression(KotlinExpressionParsing.java:1320)
	at org.jetbrains.kotlin.parsing.KotlinExpressionParsing.parseStatement(KotlinExpressionParsing.java:1294)
	at org.jetbrains.kotlin.parsing.KotlinExpressionParsing.parseStatements(KotlinExpressionParsing.java:1256)
	at org.jetbrains.kotlin.parsing.KotlinExpressionParsing.parseStatements(KotlinExpressionParsing.java:1242)
	at org.jetbrains.kotlin.parsing.KotlinExpressionParsing.parseFunctionLiteral(KotlinExpressionParsing.java:1127)
	at org.jetbrains.kotlin.parsing.KotlinExpressionParsing.parseAnnotatedLambda(KotlinExpressionParsing.java:488)
	at org.jetbrains.kotlin.parsing.KotlinExpressionParsing.parseControlStructureBody(KotlinExpressionParsing.java:1473)
	at org.jetbrains.kotlin.parsing.KotlinExpressionParsing.parseIf(KotlinExpressionParsing.java:1578)
	at org.jetbrains.kotlin.parsing.KotlinExpressionParsing.parseAtomicExpression(KotlinExpressionParsing.java:562)
	at org.jetbrains.kotlin.parsing.KotlinExpressionParsing.parsePostfixExpression(KotlinExpressionParsing.java:351)
	at org.jetbrains.kotlin.parsing.KotlinExpressionParsing.parsePrefixExpression(KotlinExpressionParsing.java:278)
	at org.jetbrains.kotlin.parsing.KotlinExpressionParsing.parseBinaryExpression(KotlinExpressionParsing.java:168)
	at org.jetbrains.kotlin.parsing.KotlinExpressionParsing.parseExpression(KotlinExpressionParsing.java:152)
	at org.jetbrains.kotlin.parsing.KotlinExpressionParsing.parseExpression(KotlinExpressionParsing.java:143)
	at org.jetbrains.kotlin.parsing.KotlinExpressionParsing.parseBlockLevelExpression(KotlinExpressionParsing.java:1320)
	at org.jetbrains.kotlin.parsing.KotlinExpressionParsing.parseStatement(KotlinExpressionParsing.java:1294)
	at org.jetbrains.kotlin.parsing.KotlinExpressionParsing.parseStatements(KotlinExpressionParsing.java:1256)
	at org.jetbrains.kotlin.parsing.KotlinExpressionParsing.parseStatements(KotlinExpressionParsing.java:1242)
	at org.jetbrains.kotlin.parsing.KotlinExpressionParsing.parseFunctionLiteral(KotlinExpressionParsing.java:1127)
	at org.jetbrains.kotlin.parsing.KotlinExpressionParsing.parseAnnotatedLambda(KotlinExpressionParsing.java:488)
	at org.jetbrains.kotlin.parsing.KotlinExpressionParsing.parseControlStructureBody(KotlinExpressionParsing.java:1473)
	at org.jetbrains.kotlin.parsing.KotlinExpressionParsing.parseIf(KotlinExpressionParsing.java:1578)
	at org.jetbrains.kotlin.parsing.KotlinExpressionParsing.parseAtomicExpression(KotlinExpressionParsing.java:562)
	at org.jetbrains.kotlin.parsing.KotlinExpressionParsing.parsePostfixExpression(KotlinExpressionParsing.java:351)
	at org.jetbrains.kotlin.parsing.KotlinExpressionParsing.parsePrefixExpression(KotlinExpressionParsing.java:278)
	at org.jetbrains.kotlin.parsing.KotlinExpressionParsing.parseBinaryExpression(KotlinExpressionParsing.java:168)
	at org.jetbrains.kotlin.parsing.KotlinExpressionParsing.parseExpression(KotlinExpressionParsing.java:152)
	at org.jetbrains.kotlin.parsing.KotlinExpressionParsing.parseExpression(KotlinExpressionParsing.java:143)
	at org.jetbrains.kotlin.parsing.KotlinExpressionParsing.parseBlockLevelExpression(KotlinExpressionParsing.java:1320)
	at org.jetbrains.kotlin.parsing.KotlinExpressionParsing.parseStatement(KotlinExpressionParsing.java:1294)
	at org.jetbrains.kotlin.parsing.KotlinExpressionParsing.parseStatements(KotlinExpressionParsing.java:1256)
	at org.jetbrains.kotlin.parsing.KotlinExpressionParsing.parseStatements(KotlinExpressionParsing.java:1242)
	at org.jetbrains.kotlin.parsing.KotlinExpressionParsing.parseFunctionLiteral(KotlinExpressionParsing.java:1127)
	at org.jetbrains.kotlin.parsing.KotlinExpressionParsing.parseAnnotatedLambda(KotlinExpressionParsing.java:488)
	at org.jetbrains.kotlin.parsing.KotlinExpressionParsing.parseControlStructureBody(KotlinExpressionParsing.java:1473)
	at org.jetbrains.kotlin.parsing.KotlinExpressionParsing.parseIf(KotlinExpressionParsing.java:1578)
	at org.jetbrains.kotlin.parsing.KotlinExpressionParsing.parseAtomicExpression(KotlinExpressionParsing.java:562)
	at org.jetbrains.kotlin.parsing.KotlinExpressionParsing.parseSelectorCallExpression(KotlinExpressionParsing.java:432)
	at org.jetbrains.kotlin.parsing.KotlinExpressionParsing.parsePostfixExpression(KotlinExpressionParsing.java:375)
	at org.jetbrains.kotlin.parsing.KotlinExpressionParsing.parsePrefixExpression(KotlinExpressionParsing.java:278)
	at org.jetbrains.kotlin.parsing.KotlinExpressionParsing.parseBinaryExpression(KotlinExpressionParsing.java:168)
	at org.jetbrains.kotlin.parsing.KotlinExpressionParsing.parseExpression(KotlinExpressionParsing.java:152)
	at org.jetbrains.kotlin.parsing.KotlinExpressionParsing.parseExpression(KotlinExpressionParsing.java:143)
	at org.jetbrains.kotlin.parsing.KotlinExpressionParsing.parseBlockLevelExpression(KotlinExpressionParsing.java:1320)
	at org.jetbrains.kotlin.parsing.KotlinExpressionParsing.parseStatement(KotlinExpressionParsing.java:1294)
	at org.jetbrains.kotlin.parsing.KotlinExpressionParsing.parseStatements(KotlinExpressionParsing.java:1256)
	at org.jetbrains.kotlin.parsing.KotlinExpressionParsing.parseStatements(KotlinExpressionParsing.java:1242)
	at org.jetbrains.kotlin.parsing.KotlinExpressionParsing.parseFunctionLiteral(KotlinExpressionParsing.java:1127)
	at org.jetbrains.kotlin.parsing.KotlinExpressionParsing.parseAnnotatedLambda(KotlinExpressionParsing.java:488)
	at org.jetbrains.kotlin.parsing.KotlinExpressionParsing.parseControlStructureBody(KotlinExpressionParsing.java:1473)
	at org.jetbrains.kotlin.parsing.KotlinExpressionParsing.parseIf(KotlinExpressionParsing.java:1578)
	at org.jetbrains.kotlin.parsing.KotlinExpressionParsing.parseAtomicExpression(KotlinExpressionParsing.java:562)
	at org.jetbrains.kotlin.parsing.KotlinExpressionParsing.parsePostfixExpression(KotlinExpressionParsing.java:351)
	at org.jetbrains.kotlin.parsing.KotlinExpressionParsing.parsePrefixExpression(KotlinExpressionParsing.java:278)
	at org.jetbrains.kotlin.parsing.KotlinExpressionParsing.parseBinaryExpression(KotlinExpressionParsing.java:168)
	at org.jetbrains.kotlin.parsing.KotlinExpressionParsing.parseExpression(KotlinExpressionParsing.java:152)
	at org.jetbrains.kotlin.parsing.KotlinExpressionParsing.parseExpression(KotlinExpressionParsing.java:143)
	at org.jetbrains.kotlin.parsing.KotlinExpressionParsing.parseBlockLevelExpression(KotlinExpressionParsing.java:1320)
	at org.jetbrains.kotlin.parsing.KotlinExpressionParsing.parseStatement(KotlinExpressionParsing.java:1294)
	at org.jetbrains.kotlin.parsing.KotlinExpressionParsing.parseStatements(KotlinExpressionParsing.java:1256)
	at org.jetbrains.kotlin.parsing.KotlinExpressionParsing.parseStatements(KotlinExpressionParsing.java:1242)
	at org.jetbrains.kotlin.parsing.KotlinExpressionParsing.parseFunctionLiteral(KotlinExpressionParsing.java:1127)
	at org.jetbrains.kotlin.parsing.KotlinExpressionParsing.parseAnnotatedLambda(KotlinExpressionParsing.java:488)
	at org.jetbrains.kotlin.parsing.KotlinExpressionParsing.parseControlStructureBody(KotlinExpressionParsing.java:1473)
	at org.jetbrains.kotlin.parsing.KotlinExpressionParsing.parseIf(KotlinExpressionParsing.java:1578)
	at org.jetbrains.kotlin.parsing.KotlinExpressionParsing.parseAtomicExpression(KotlinExpressionParsing.java:562)
	at org.jetbrains.kotlin.parsing.KotlinExpressionParsing.parsePostfixExpression(KotlinExpressionParsing.java:351)
	at org.jetbrains.kotlin.parsing.KotlinExpressionParsing.parsePrefixExpression(KotlinExpressionParsing.java:278)
	at org.jetbrains.kotlin.parsing.KotlinExpressionParsing.parseBinaryExpression(KotlinExpressionParsing.java:168)
	at org.jetbrains.kotlin.parsing.KotlinExpressionParsing.parseExpression(KotlinExpressionParsing.java:152)
	at org.jetbrains.kotlin.parsing.KotlinExpressionParsing.parseExpression(KotlinExpressionParsing.java:143)
	at org.jetbrains.kotlin.parsing.KotlinExpressionParsing.parseBlockLevelExpression(KotlinExpressionParsing.java:1320)
	at org.jetbrains.kotlin.parsing.KotlinExpressionParsing.parseStatement(KotlinExpressionParsing.java:1294)
	at org.jetbrains.kotlin.parsing.KotlinExpressionParsing.parseStatements(KotlinExpressionParsing.java:1256)
	at org.jetbrains.kotlin.parsing.KotlinExpressionParsing.parseStatements(KotlinExpressionParsing.java:1242)
	at org.jetbrains.kotlin.parsing.KotlinExpressionParsing.parseFunctionLiteral(KotlinExpressionParsing.java:1127)
	at org.jetbrains.kotlin.parsing.KotlinExpressionParsing.parseAnnotatedLambda(KotlinExpressionParsing.java:488)
	at org.jetbrains.kotlin.parsing.KotlinExpressionParsing.parseControlStructureBody(KotlinExpressionParsing.java:1473)
	at org.jetbrains.kotlin.parsing.KotlinExpressionParsing.parseIf(KotlinExpressionParsing.java:1578)
	at org.jetbrains.kotlin.parsing.KotlinExpressionParsing.parseAtomicExpression(KotlinExpressionParsing.java:562)
	at org.jetbrains.kotlin.parsing.KotlinExpressionParsing.parsePostfixExpression(KotlinExpressionParsing.java:351)
	at org.jetbrains.kotlin.parsing.KotlinExpressionParsing.parsePrefixExpression(KotlinExpressionParsing.java:278)
	at org.jetbrains.kotlin.parsing.KotlinExpressionParsing.parseBinaryExpression(KotlinExpressionParsing.java:168)
	at org.jetbrains.kotlin.parsing.KotlinExpressionParsing.parseExpression(KotlinExpressionParsing.java:152)
	at org.jetbrains.kotlin.parsing.KotlinExpressionParsing.parseExpression(KotlinExpressionParsing.java:143)
	at org.jetbrains.kotlin.parsing.KotlinExpressionParsing.parseBlockLevelExpression(KotlinExpressionParsing.java:1320)
	at org.jetbrains.kotlin.parsing.KotlinExpressionParsing.parseStatement(KotlinExpressionParsing.java:1294)
	at org.jetbrains.kotlin.parsing.KotlinExpressionParsing.parseStatements(KotlinExpressionParsing.java:1256)
	at org.jetbrains.kotlin.parsing.KotlinExpressionParsing.parseStatements(KotlinExpressionParsing.java:1242)
	at org.jetbrains.kotlin.parsing.KotlinExpressionParsing.parseFunctionLiteral(KotlinExpressionParsing.java:1127)
	at org.jetbrains.kotlin.parsing.KotlinExpressionParsing.parseAnnotatedLambda(KotlinExpressionParsing.java:488)
	at org.jetbrains.kotlin.parsing.KotlinExpressionParsing.parseControlStructureBody(KotlinExpressionParsing.java:1473)
	at org.jetbrains.kotlin.parsing.KotlinExpressionParsing.parseIf(KotlinExpressionParsing.java:1578)
	at org.jetbrains.kotlin.parsing.KotlinExpressionParsing.parseAtomicExpression(KotlinExpressionParsing.java:562)
	at org.jetbrains.kotlin.parsing.KotlinExpressionParsing.parsePostfixExpression(KotlinExpressionParsing.java:351)
	at org.jetbrains.kotlin.parsing.KotlinExpressionParsing.parsePrefixExpression(KotlinExpressionParsing.java:278)
	at org.jetbrains.kotlin.parsing.KotlinExpressionParsing.parseBinaryExpression(KotlinExpressionParsing.java:168)
	at org.jetbrains.kotlin.parsing.KotlinExpressionParsing.parseExpression(KotlinExpressionParsing.java:152)
	at org.jetbrains.kotlin.parsing.KotlinExpressionParsing.parseExpression(KotlinExpressionParsing.java:143)
	at org.jetbrains.kotlin.parsing.KotlinExpressionParsing.parseBlockLevelExpression(KotlinExpressionParsing.java:1320)
	at org.jetbrains.kotlin.parsing.KotlinExpressionParsing.parseStatement(KotlinExpressionParsing.java:1294)
	at org.jetbrains.kotlin.parsing.KotlinExpressionParsing.parseStatements(KotlinExpressionParsing.java:1256)
	at org.jetbrains.kotlin.parsing.KotlinExpressionParsing.parseStatements(KotlinExpressionParsing.java:1242)
	at org.jetbrains.kotlin.parsing.KotlinExpressionParsing.parseFunctionLiteral(KotlinExpressionParsing.java:1127)
	at org.jetbrains.kotlin.parsing.KotlinExpressionParsing.parseAnnotatedLambda(KotlinExpressionParsing.java:488)
	at org.jetbrains.kotlin.parsing.KotlinExpressionParsing.parseControlStructureBody(KotlinExpressionParsing.java:1473)
	at org.jetbrains.kotlin.parsing.KotlinExpressionParsing.parseIf(KotlinExpressionParsing.java:1578)
	at org.jetbrains.kotlin.parsing.KotlinExpressionParsing.parseAtomicExpression(KotlinExpressionParsing.java:562)
	at org.jetbrains.kotlin.parsing.KotlinExpressionParsing.parsePostfixExpression(KotlinExpressionParsing.java:351)
	at org.jetbrains.kotlin.parsing.KotlinExpressionParsing.parsePrefixExpression(KotlinExpressionParsing.java:278)
	at org.jetbrains.kotlin.parsing.KotlinExpressionParsing.parseBinaryExpression(KotlinExpressionParsing.java:168)
	at org.jetbrains.kotlin.parsing.KotlinExpressionParsing.parseExpression(KotlinExpressionParsing.java:152)
	at org.jetbrains.kotlin.parsing.KotlinExpressionParsing.parseExpression(KotlinExpressionParsing.java:143)
	at org.jetbrains.kotlin.parsing.KotlinExpressionParsing.parseBlockLevelExpression(KotlinExpressionParsing.java:1320)
	at org.jetbrains.kotlin.parsing.KotlinExpressionParsing.parseStatement(KotlinExpressionParsing.java:1294)
	at org.jetbrains.kotlin.parsing.KotlinExpressionParsing.parseStatements(KotlinExpressionParsing.java:1256)
	at org.jetbrains.kotlin.parsing.KotlinExpressionParsing.parseStatements(KotlinExpressionParsing.java:1242)
	at org.jetbrains.kotlin.parsing.KotlinExpressionParsing.parseFunctionLiteral(KotlinExpressionParsing.java:1127)
	at org.jetbrains.kotlin.parsing.KotlinExpressionParsing.parseAnnotatedLambda(KotlinExpressionParsing.java:488)
	at org.jetbrains.kotlin.parsing.KotlinExpressionParsing.parseControlStructureBody(KotlinExpressionParsing.java:1473)
	at org.jetbrains.kotlin.parsing.KotlinExpressionParsing.parseIf(KotlinExpressionParsing.java:1578)
	at org.jetbrains.kotlin.parsing.KotlinExpressionParsing.parseAtomicExpression(KotlinExpressionParsing.java:562)
	at org.jetbrains.kotlin.parsing.KotlinExpressionParsing.parsePostfixExpression(KotlinExpressionParsing.java:351)
	at org.jetbrains.kotlin.parsing.KotlinExpressionParsing.parsePrefixExpression(KotlinExpressionParsing.java:278)
	at org.jetbrains.kotlin.parsing.KotlinExpressionParsing.parseBinaryExpression(KotlinExpressionParsing.java:168)
	at org.jetbrains.kotlin.parsing.KotlinExpressionParsing.parseExpression(KotlinExpressionParsing.java:152)
	at org.jetbrains.kotlin.parsing.KotlinExpressionParsing.parseExpression(KotlinExpressionParsing.java:143)
	at org.jetbrains.kotlin.parsing.KotlinExpressionParsing.parseBlockLevelExpression(KotlinExpressionParsing.java:1320)
	at org.jetbrains.kotlin.parsing.KotlinExpressionParsing.parseStatement(KotlinExpressionParsing.java:1294)
	at org.jetbrains.kotlin.parsing.KotlinExpressionParsing.parseStatements(KotlinExpressionParsing.java:1256)
	at org.jetbrains.kotlin.parsing.KotlinExpressionParsing.parseStatements(KotlinExpressionParsing.java:1242)
	at org.jetbrains.kotlin.parsing.KotlinExpressionParsing.parseFunctionLiteral(KotlinExpressionParsing.java:1127)
	at org.jetbrains.kotlin.parsing.KotlinExpressionParsing.parseAnnotatedLambda(KotlinExpressionParsing.java:488)
	at org.jetbrains.kotlin.parsing.KotlinExpressionParsing.parseControlStructureBody(KotlinExpressionParsing.java:1473)
	at org.jetbrains.kotlin.parsing.KotlinExpressionParsing.parseIf(KotlinExpressionParsing.java:1578)
	at org.jetbrains.kotlin.parsing.KotlinExpressionParsing.parseAtomicExpression(KotlinExpressionParsing.java:562)
	at org.jetbrains.kotlin.parsing.KotlinExpressionParsing.parsePostfixExpression(KotlinExpressionParsing.java:351)
	at org.jetbrains.kotlin.parsing.KotlinExpressionParsing.parsePrefixExpression(KotlinExpressionParsing.java:278)
	at org.jetbrains.kotlin.parsing.KotlinExpressionParsing.parseBinaryExpression(KotlinExpressionParsing.java:168)
	at org.jetbrains.kotlin.parsing.KotlinExpressionParsing.parseExpression(KotlinExpressionParsing.java:152)
	at org.jetbrains.kotlin.parsing.KotlinExpressionParsing.parseExpression(KotlinExpressionParsing.java:143)
	at org.jetbrains.kotlin.parsing.KotlinExpressionParsing.parseBlockLevelExpression(KotlinExpressionParsing.java:1320)
	at org.jetbrains.kotlin.parsing.KotlinExpressionParsing.parseStatement(KotlinExpressionParsing.java:1294)
	at org.jetbrains.kotlin.parsing.KotlinExpressionParsing.parseStatements(KotlinExpressionParsing.java:1256)
	at org.jetbrains.kotlin.parsing.KotlinExpressionParsing.parseStatements(KotlinExpressionParsing.java:1242)
	at org.jetbrains.kotlin.parsing.KotlinExpressionParsing.parseFunctionLiteral(KotlinExpressionParsing.java:1127)
	at org.jetbrains.kotlin.parsing.KotlinExpressionParsing.parseAnnotatedLambda(KotlinExpressionParsing.java:488)
	at org.jetbrains.kotlin.parsing.KotlinExpressionParsing.parseControlStructureBody(KotlinExpressionParsing.java:1473)
	at org.jetbrains.kotlin.parsing.KotlinExpressionParsing.parseIf(KotlinExpressionParsing.java:1578)
	at org.jetbrains.kotlin.parsing.KotlinExpressionParsing.parseAtomicExpression(KotlinExpressionParsing.java:562)
	at org.jetbrains.kotlin.parsing.KotlinExpressionParsing.parsePostfixExpression(KotlinExpressionParsing.java:351)
	at org.jetbrains.kotlin.parsing.KotlinExpressionParsing.parsePrefixExpression(KotlinExpressionParsing.java:278)
	at org.jetbrains.kotlin.parsing.KotlinExpressionParsing.parseBinaryExpression(KotlinExpressionParsing.java:168)
	at org.jetbrains.kotlin.parsing.KotlinExpressionParsing.parseExpression(KotlinExpressionParsing.java:152)
	at org.jetbrains.kotlin.parsing.KotlinExpressionParsing.parseExpression(KotlinExpressionParsing.java:143)
	at org.jetbrains.kotlin.parsing.KotlinExpressionParsing.parseBlockLevelExpression(KotlinExpressionParsing.java:1320)
	at org.jetbrains.kotlin.parsing.KotlinExpressionParsing.parseStatement(KotlinExpressionParsing.java:1294)
	at org.jetbrains.kotlin.parsing.KotlinExpressionParsing.parseStatements(KotlinExpressionParsing.java:1256)
	at org.jetbrains.kotlin.parsing.KotlinExpressionParsing.parseStatements(KotlinExpressionParsing.java:1242)
	at org.jetbrains.kotlin.parsing.KotlinExpressionParsing.parseFunctionLiteral(KotlinExpressionParsing.java:1127)
	at org.jetbrains.kotlin.parsing.KotlinExpressionParsing.parseAnnotatedLambda(KotlinExpressionParsing.java:488)
	at org.jetbrains.kotlin.parsing.KotlinExpressionParsing.parseControlStructureBody(KotlinExpressionParsing.java:1473)
	at org.jetbrains.kotlin.parsing.KotlinExpressionParsing.parseIf(KotlinExpressionParsing.java:1578)
	at org.jetbrains.kotlin.parsing.KotlinExpressionParsing.parseAtomicExpression(KotlinExpressionParsing.java:562)
	at org.jetbrains.kotlin.parsing.KotlinExpressionParsing.parsePostfixExpression(KotlinExpressionParsing.java:351)
	at org.jetbrains.kotlin.parsing.KotlinExpressionParsing.parsePrefixExpression(KotlinExpressionParsing.java:278)
	at org.jetbrains.kotlin.parsing.KotlinExpressionParsing.parseBinaryExpression(KotlinExpressionParsing.java:168)
	at org.jetbrains.kotlin.parsing.KotlinExpressionParsing.parseExpression(KotlinExpressionParsing.java:152)
	at org.jetbrains.kotlin.parsing.KotlinExpressionParsing.parseExpression(KotlinExpressionParsing.java:143)
	at org.jetbrains.kotlin.parsing.KotlinExpressionParsing.parseBlockLevelExpression(KotlinExpressionParsing.java:1320)
	at org.jetbrains.kotlin.parsing.KotlinExpressionParsing.parseStatement(KotlinExpressionParsing.java:1294)
	at org.jetbrains.kotlin.parsing.KotlinExpressionParsing.parseStatements(KotlinExpressionParsing.java:1256)
	at org.jetbrains.kotlin.parsing.KotlinExpressionParsing.parseStatements(KotlinExpressionParsing.java:1242)
	at org.jetbrains.kotlin.parsing.KotlinExpressionParsing.parseFunctionLiteral(KotlinExpressionParsing.java:1127)
	at org.jetbrains.kotlin.parsing.KotlinExpressionParsing.parseAnnotatedLambda(KotlinExpressionParsing.java:488)
	at org.jetbrains.kotlin.parsing.KotlinExpressionParsing.parseControlStructureBody(KotlinExpressionParsing.java:1473)
	at org.jetbrains.kotlin.parsing.KotlinExpressionParsing.parseIf(KotlinExpressionParsing.java:1578)
	at org.jetbrains.kotlin.parsing.KotlinExpressionParsing.parseAtomicExpression(KotlinExpressionParsing.java:562)
	at org.jetbrains.kotlin.parsing.KotlinExpressionParsing.parsePostfixExpression(KotlinExpressionParsing.java:351)
	at org.jetbrains.kotlin.parsing.KotlinExpressionParsing.parsePrefixExpression(KotlinExpressionParsing.java:278)
	at org.jetbrains.kotlin.parsing.KotlinExpressionParsing.parseBinaryExpression(KotlinExpressionParsing.java:168)
	at org.jetbrains.kotlin.parsing.KotlinExpressionParsing.parseExpression(KotlinExpressionParsing.java:152)
	at org.jetbrains.kotlin.parsing.KotlinExpressionParsing.parseExpression(KotlinExpressionParsing.java:143)
	at org.jetbrains.kotlin.parsing.KotlinExpressionParsing.parseBlockLevelExpression(KotlinExpressionParsing.java:1320)
	at org.jetbrains.kotlin.parsing.KotlinExpressionParsing.parseStatement(KotlinExpressionParsing.java:1294)
	at org.jetbrains.kotlin.parsing.KotlinExpressionParsing.parseStatements(KotlinExpressionParsing.java:1256)
	at org.jetbrains.kotlin.parsing.KotlinExpressionParsing.parseStatements(KotlinExpressionParsing.java:1242)
	at org.jetbrains.kotlin.parsing.KotlinExpressionParsing.parseFunctionLiteral(KotlinExpressionParsing.java:1127)
	at org.jetbrains.kotlin.parsing.KotlinExpressionParsing.parseAnnotatedLambda(KotlinExpressionParsing.java:488)
	at org.jetbrains.kotlin.parsing.KotlinExpressionParsing.parseControlStructureBody(KotlinExpressionParsing.java:1473)
	at org.jetbrains.kotlin.parsing.KotlinExpressionParsing.parseIf(KotlinExpressionParsing.java:1578)
	at org.jetbrains.kotlin.parsing.KotlinExpressionParsing.parseAtomicExpression(KotlinExpressionParsing.java:562)
	at org.jetbrains.kotlin.parsing.KotlinExpressionParsing.parsePostfixExpression(KotlinExpressionParsing.java:351)
	at org.jetbrains.kotlin.parsing.KotlinExpressionParsing.parsePrefixExpression(KotlinExpressionParsing.java:278)
	at org.jetbrains.kotlin.parsing.KotlinExpressionParsing.parseBinaryExpression(KotlinExpressionParsing.java:168)
	at org.jetbrains.kotlin.parsing.KotlinExpressionParsing.parseExpression(KotlinExpressionParsing.java:152)
	at org.jetbrains.kotlin.parsing.KotlinExpressionParsing.parseExpression(KotlinExpressionParsing.java:143)
	at org.jetbrains.kotlin.parsing.KotlinExpressionParsing.parseBlockLevelExpression(KotlinExpressionParsing.java:1320)
	at org.jetbrains.kotlin.parsing.KotlinExpressionParsing.parseStatement(KotlinExpressionParsing.java:1294)
	at org.jetbrains.kotlin.parsing.KotlinExpressionParsing.parseStatements(KotlinExpressionParsing.java:1256)
	at org.jetbrains.kotlin.parsing.KotlinExpressionParsing.parseStatements(KotlinExpressionParsing.java:1242)
	at org.jetbrains.kotlin.parsing.KotlinExpressionParsing.parseFunctionLiteral(KotlinExpressionParsing.java:1127)
	at org.jetbrains.kotlin.parsing.KotlinExpressionParsing.parseAnnotatedLambda(KotlinExpressionParsing.java:488)
	at org.jetbrains.kotlin.parsing.KotlinExpressionParsing.parseControlStructureBody(KotlinExpressionParsing.java:1473)
	at org.jetbrains.kotlin.parsing.KotlinExpressionParsing.parseIf(KotlinExpressionParsing.java:1578)
	at org.jetbrains.kotlin.parsing.KotlinExpressionParsing.parseAtomicExpression(KotlinExpressionParsing.java:562)
	at org.jetbrains.kotlin.parsing.KotlinExpressionParsing.parsePostfixExpression(KotlinExpressionParsing.java:351)
	at org.jetbrains.kotlin.parsing.KotlinExpressionParsing.parsePrefixExpression(KotlinExpressionParsing.java:278)
	at org.jetbrains.kotlin.parsing.KotlinExpressionParsing.parseBinaryExpression(KotlinExpressionParsing.java:168)
	at org.jetbrains.kotlin.parsing.KotlinExpressionParsing.parseExpression(KotlinExpressionParsing.java:152)
	at org.jetbrains.kotlin.parsing.KotlinExpressionParsing.parseExpression(KotlinExpressionParsing.java:143)
	at org.jetbrains.kotlin.parsing.KotlinExpressionParsing.parseBlockLevelExpression(KotlinExpressionParsing.java:1320)
	at org.jetbrains.kotlin.parsing.KotlinExpressionParsing.parseStatement(KotlinExpressionParsing.java:1294)
	at org.jetbrains.kotlin.parsing.KotlinExpressionParsing.parseStatements(KotlinExpressionParsing.java:1256)
	at org.jetbrains.kotlin.parsing.KotlinExpressionParsing.parseStatements(KotlinExpressionParsing.java:1242)
	at org.jetbrains.kotlin.parsing.KotlinExpressionParsing.parseFunctionLiteral(KotlinExpressionParsing.java:1127)
	at org.jetbrains.kotlin.parsing.KotlinExpressionParsing.parseAnnotatedLambda(KotlinExpressionParsing.java:488)
	at org.jetbrains.kotlin.parsing.KotlinExpressionParsing.parseControlStructureBody(KotlinExpressionParsing.java:1473)
	at org.jetbrains.kotlin.parsing.KotlinExpressionParsing.parseIf(KotlinExpressionParsing.java:1578)
	at org.jetbrains.kotlin.parsing.KotlinExpressionParsing.parseAtomicExpression(KotlinExpressionParsing.java:562)
	at org.jetbrains.kotlin.parsing.KotlinExpressionParsing.parsePostfixExpression(KotlinExpressionParsing.java:351)
	at org.jetbrains.kotlin.parsing.KotlinExpressionParsing.parsePrefixExpression(KotlinExpressionParsing.java:278)
	at org.jetbrains.kotlin.parsing.KotlinExpressionParsing.parseBinaryExpression(KotlinExpressionParsing.java:168)
	at org.jetbrains.kotlin.parsing.KotlinExpressionParsing.parseExpression(KotlinExpressionParsing.java:152)
	at org.jetbrains.kotlin.parsing.KotlinExpressionParsing.parseExpression(KotlinExpressionParsing.java:143)
	at org.jetbrains.kotlin.parsing.KotlinExpressionParsing.parseBlockLevelExpression(KotlinExpressionParsing.java:1320)
	at org.jetbrains.kotlin.parsing.KotlinExpressionParsing.parseStatement(KotlinExpressionParsing.java:1294)
	at org.jetbrains.kotlin.parsing.KotlinExpressionParsing.parseStatements(KotlinExpressionParsing.java:1256)
	at org.jetbrains.kotlin.parsing.KotlinExpressionParsing.parseStatements(KotlinExpressionParsing.java:1242)
	at org.jetbrains.kotlin.parsing.KotlinExpressionParsing.parseFunctionLiteral(KotlinExpressionParsing.java:1127)
	at org.jetbrains.kotlin.parsing.KotlinExpressionParsing.parseAnnotatedLambda(KotlinExpressionParsing.java:488)
	at org.jetbrains.kotlin.parsing.KotlinExpressionParsing.parseControlStructureBody(KotlinExpressionParsing.java:1473)
	at org.jetbrains.kotlin.parsing.KotlinExpressionParsing.parseIf(KotlinExpressionParsing.java:1578)
	at org.jetbrains.kotlin.parsing.KotlinExpressionParsing.parseAtomicExpression(KotlinExpressionParsing.java:562)
	at org.jetbrains.kotlin.parsing.KotlinExpressionParsing.parsePostfixExpression(KotlinExpressionParsing.java:351)
	at org.jetbrains.kotlin.parsing.KotlinExpressionParsing.parsePrefixExpression(KotlinExpressionParsing.java:278)
	at org.jetbrains.kotlin.parsing.KotlinExpressionParsing.parseBinaryExpression(KotlinExpressionParsing.java:168)
	at org.jetbrains.kotlin.parsing.KotlinExpressionParsing.parseExpression(KotlinExpressionParsing.java:152)
	at org.jetbrains.kotlin.parsing.KotlinExpressionParsing.parseExpression(KotlinExpressionParsing.java:143)
	at org.jetbrains.kotlin.parsing.KotlinExpressionParsing.parseBlockLevelExpression(KotlinExpressionParsing.java:1320)
	at org.jetbrains.kotlin.parsing.KotlinExpressionParsing.parseStatement(KotlinExpressionParsing.java:1294)
	at org.jetbrains.kotlin.parsing.KotlinExpressionParsing.parseStatements(KotlinExpressionParsing.java:1256)
	at org.jetbrains.kotlin.parsing.KotlinExpressionParsing.parseStatements(KotlinExpressionParsing.java:1242)
	at org.jetbrains.kotlin.parsing.KotlinExpressionParsing.parseFunctionLiteral(KotlinExpressionParsing.java:1127)
	at org.jetbrains.kotlin.parsing.KotlinExpressionParsing.parseAnnotatedLambda(KotlinExpressionParsing.java:488)
	at org.jetbrains.kotlin.parsing.KotlinExpressionParsing.parseControlStructureBody(KotlinExpressionParsing.java:1473)
	at org.jetbrains.kotlin.parsing.KotlinExpressionParsing.parseIf(KotlinExpressionParsing.java:1578)
	at org.jetbrains.kotlin.parsing.KotlinExpressionParsing.parseAtomicExpression(KotlinExpressionParsing.java:562)
	at org.jetbrains.kotlin.parsing.KotlinExpressionParsing.parsePostfixExpression(KotlinExpressionParsing.java:351)
	at org.jetbrains.kotlin.parsing.KotlinExpressionParsing.parsePrefixExpression(KotlinExpressionParsing.java:278)
	at org.jetbrains.kotlin.parsing.KotlinExpressionParsing.parseBinaryExpression(KotlinExpressionParsing.java:168)
	at org.jetbrains.kotlin.parsing.KotlinExpressionParsing.parseExpression(KotlinExpressionParsing.java:152)
	at org.jetbrains.kotlin.parsing.KotlinExpressionParsing.parseExpression(KotlinExpressionParsing.java:143)
	at org.jetbrains.kotlin.parsing.KotlinExpressionParsing.parseBlockLevelExpression(KotlinExpressionParsing.java:1320)
	at org.jetbrains.kotlin.parsing.KotlinExpressionParsing.parseStatement(KotlinExpressionParsing.java:1294)
	at org.jetbrains.kotlin.parsing.KotlinExpressionParsing.parseStatements(KotlinExpressionParsing.java:1256)
	at org.jetbrains.kotlin.parsing.KotlinExpressionParsing.parseStatements(KotlinExpressionParsing.java:1242)
	at org.jetbrains.kotlin.parsing.KotlinExpressionParsing.parseFunctionLiteral(KotlinExpressionParsing.java:1127)
	at org.jetbrains.kotlin.parsing.KotlinExpressionParsing.parseAnnotatedLambda(KotlinExpressionParsing.java:488)
	at org.jetbrains.kotlin.parsing.KotlinExpressionParsing.parseControlStructureBody(KotlinExpressionParsing.java:1473)
	at org.jetbrains.kotlin.parsing.KotlinExpressionParsing.parseIf(KotlinExpressionParsing.java:1578)
	at org.jetbrains.kotlin.parsing.KotlinExpressionParsing.parseAtomicExpression(KotlinExpressionParsing.java:562)
	at org.jetbrains.kotlin.parsing.KotlinExpressionParsing.parsePostfixExpression(KotlinExpressionParsing.java:351)
	at org.jetbrains.kotlin.parsing.KotlinExpressionParsing.parsePrefixExpression(KotlinExpressionParsing.java:278)
	at org.jetbrains.kotlin.parsing.KotlinExpressionParsing.parseBinaryExpression(KotlinExpressionParsing.java:168)
	at org.jetbrains.kotlin.parsing.KotlinExpressionParsing.parseExpression(KotlinExpressionParsing.java:152)
	at org.jetbrains.kotlin.parsing.KotlinExpressionParsing.parseExpression(KotlinExpressionParsing.java:143)
	at org.jetbrains.kotlin.parsing.KotlinExpressionParsing.parseBlockLevelExpression(KotlinExpressionParsing.java:1320)
	at org.jetbrains.kotlin.parsing.KotlinExpressionParsing.parseStatement(KotlinExpressionParsing.java:1294)
	at org.jetbrains.kotlin.parsing.KotlinExpressionParsing.parseStatements(KotlinExpressionParsing.java:1256)
	at org.jetbrains.kotlin.parsing.KotlinExpressionParsing.parseStatements(KotlinExpressionParsing.java:1242)
	at org.jetbrains.kotlin.parsing.KotlinExpressionParsing.parseFunctionLiteral(KotlinExpressionParsing.java:1127)
	at org.jetbrains.kotlin.parsing.KotlinExpressionParsing.parseAnnotatedLambda(KotlinExpressionParsing.java:488)
	at org.jetbrains.kotlin.parsing.KotlinExpressionParsing.parseControlStructureBody(KotlinExpressionParsing.java:1473)
	at org.jetbrains.kotlin.parsing.KotlinExpressionParsing.parseIf(KotlinExpressionParsing.java:1578)
	at org.jetbrains.kotlin.parsing.KotlinExpressionParsing.parseAtomicExpression(KotlinExpressionParsing.java:562)
	at org.jetbrains.kotlin.parsing.KotlinExpressionParsing.parsePostfixExpression(KotlinExpressionParsing.java:351)
	at org.jetbrains.kotlin.parsing.KotlinExpressionParsing.parsePrefixExpression(KotlinExpressionParsing.java:278)
	at org.jetbrains.kotlin.parsing.KotlinExpressionParsing.parseBinaryExpression(KotlinExpressionParsing.java:168)
	at org.jetbrains.kotlin.parsing.KotlinExpressionParsing.parseExpression(KotlinExpressionParsing.java:152)
	at org.jetbrains.kotlin.parsing.KotlinExpressionParsing.parseExpression(KotlinExpressionParsing.java:143)
	at org.jetbrains.kotlin.parsing.KotlinExpressionParsing.parseBlockLevelExpression(KotlinExpressionParsing.java:1320)
	at org.jetbrains.kotlin.parsing.KotlinExpressionParsing.parseStatement(KotlinExpressionParsing.java:1294)
	at org.jetbrains.kotlin.parsing.KotlinExpressionParsing.parseStatements(KotlinExpressionParsing.java:1256)
	at org.jetbrains.kotlin.parsing.KotlinExpressionParsing.parseStatements(KotlinExpressionParsing.java:1242)
	at org.jetbrains.kotlin.parsing.KotlinExpressionParsing.parseFunctionLiteral(KotlinExpressionParsing.java:1127)
	at org.jetbrains.kotlin.parsing.KotlinExpressionParsing.parseAnnotatedLambda(KotlinExpressionParsing.java:488)
	at org.jetbrains.kotlin.parsing.KotlinExpressionParsing.parseControlStructureBody(KotlinExpressionParsing.java:1473)
	at org.jetbrains.kotlin.parsing.KotlinExpressionParsing.parseIf(KotlinExpressionParsing.java:1578)
	at org.jetbrains.kotlin.parsing.KotlinExpressionParsing.parseAtomicExpression(KotlinExpressionParsing.java:562)
	at org.jetbrains.kotlin.parsing.KotlinExpressionParsing.parsePostfixExpression(KotlinExpressionParsing.java:351)
	at org.jetbrains.kotlin.parsing.KotlinExpressionParsing.parsePrefixExpression(KotlinExpressionParsing.java:278)
	at org.jetbrains.kotlin.parsing.KotlinExpressionParsing.parseBinaryExpression(KotlinExpressionParsing.java:168)
	at org.jetbrains.kotlin.parsing.KotlinExpressionParsing.parseExpression(KotlinExpressionParsing.java:152)
	at org.jetbrains.kotlin.parsing.KotlinExpressionParsing.parseExpression(KotlinExpressionParsing.java:143)
	at org.jetbrains.kotlin.parsing.KotlinExpressionParsing.parseBlockLevelExpression(KotlinExpressionParsing.java:1320)
	at org.jetbrains.kotlin.parsing.KotlinExpressionParsing.parseStatement(KotlinExpressionParsing.java:1294)
	at org.jetbrains.kotlin.parsing.KotlinExpressionParsing.parseStatements(KotlinExpressionParsing.java:1256)
	at org.jetbrains.kotlin.parsing.KotlinExpressionParsing.parseStatements(KotlinExpressionParsing.java:1242)
	at org.jetbrains.kotlin.parsing.KotlinExpressionParsing.parseFunctionLiteral(KotlinExpressionParsing.java:1127)
	at org.jetbrains.kotlin.parsing.KotlinExpressionParsing.parseAnnotatedLambda(KotlinExpressionParsing.java:488)
	at org.jetbrains.kotlin.parsing.KotlinExpressionParsing.parseControlStructureBody(KotlinExpressionParsing.java:1473)
	at org.jetbrains.kotlin.parsing.KotlinExpressionParsing.parseIf(KotlinExpressionParsing.java:1578)
	at org.jetbrains.kotlin.parsing.KotlinExpressionParsing.parseAtomicExpression(KotlinExpressionParsing.java:562)
	at org.jetbrains.kotlin.parsing.KotlinExpressionParsing.parsePostfixExpression(KotlinExpressionParsing.java:351)
	at org.jetbrains.kotlin.parsing.KotlinExpressionParsing.parsePrefixExpression(KotlinExpressionParsing.java:278)
	at org.jetbrains.kotlin.parsing.KotlinExpressionParsing.parseBinaryExpression(KotlinExpressionParsing.java:168)
	at org.jetbrains.kotlin.parsing.KotlinExpressionParsing.parseExpression(KotlinExpressionParsing.java:152)
	at org.jetbrains.kotlin.parsing.KotlinExpressionParsing.parseExpression(KotlinExpressionParsing.java:143)
	at org.jetbrains.kotlin.parsing.KotlinExpressionParsing.parseBlockLevelExpression(KotlinExpressionParsing.java:1320)
	at org.jetbrains.kotlin.parsing.KotlinExpressionParsing.parseStatement(KotlinExpressionParsing.java:1294)
	at org.jetbrains.kotlin.parsing.KotlinExpressionParsing.parseStatements(KotlinExpressionParsing.java:1256)
	at org.jetbrains.kotlin.parsing.KotlinExpressionParsing.parseStatements(KotlinExpressionParsing.java:1242)
	at org.jetbrains.kotlin.parsing.KotlinExpressionParsing.parseFunctionLiteral(KotlinExpressionParsing.java:1127)
	at org.jetbrains.kotlin.parsing.KotlinExpressionParsing.parseAnnotatedLambda(KotlinExpressionParsing.java:488)
	at org.jetbrains.kotlin.parsing.KotlinExpressionParsing.parseControlStructureBody(KotlinExpressionParsing.java:1473)
	at org.jetbrains.kotlin.parsing.KotlinExpressionParsing.parseIf(KotlinExpressionParsing.java:1578)
	at org.jetbrains.kotlin.parsing.KotlinExpressionParsing.parseAtomicExpression(KotlinExpressionParsing.java:562)
	at org.jetbrains.kotlin.parsing.KotlinExpressionParsing.parsePostfixExpression(KotlinExpressionParsing.java:351)
	at org.jetbrains.kotlin.parsing.KotlinExpressionParsing.parsePrefixExpression(KotlinExpressionParsing.java:278)
	at org.jetbrains.kotlin.parsing.KotlinExpressionParsing.parseBinaryExpression(KotlinExpressionParsing.java:168)
	at org.jetbrains.kotlin.parsing.KotlinExpressionParsing.parseExpression(KotlinExpressionParsing.java:152)
	at org.jetbrains.kotlin.parsing.KotlinExpressionParsing.parseExpression(KotlinExpressionParsing.java:143)
	at org.jetbrains.kotlin.parsing.KotlinExpressionParsing.parseBlockLevelExpression(KotlinExpressionParsing.java:1320)
	at org.jetbrains.kotlin.parsing.KotlinExpressionParsing.parseStatement(KotlinExpressionParsing.java:1294)
	at org.jetbrains.kotlin.parsing.KotlinExpressionParsing.parseStatements(KotlinExpressionParsing.java:1256)
	at org.jetbrains.kotlin.parsing.KotlinExpressionParsing.parseStatements(KotlinExpressionParsing.java:1242)
	at org.jetbrains.kotlin.parsing.KotlinExpressionParsing.parseFunctionLiteral(KotlinExpressionParsing.java:1127)
	at org.jetbrains.kotlin.parsing.KotlinExpressionParsing.parseAnnotatedLambda(KotlinExpressionParsing.java:488)
	at org.jetbrains.kotlin.parsing.KotlinExpressionParsing.parseControlStructureBody(KotlinExpressionParsing.java:1473)
	at org.jetbrains.kotlin.parsing.KotlinExpressionParsing.parseIf(KotlinExpressionParsing.java:1578)
	at org.jetbrains.kotlin.parsing.KotlinExpressionParsing.parseAtomicExpression(KotlinExpressionParsing.java:562)
	at org.jetbrains.kotlin.parsing.KotlinExpressionParsing.parsePostfixExpression(KotlinExpressionParsing.java:351)
	at org.jetbrains.kotlin.parsing.KotlinExpressionParsing.parsePrefixExpression(KotlinExpressionParsing.java:278)
	at org.jetbrains.kotlin.parsing.KotlinExpressionParsing.parseBinaryExpression(KotlinExpressionParsing.java:168)
	at org.jetbrains.kotlin.parsing.KotlinExpressionParsing.parseExpression(KotlinExpressionParsing.java:152)
	at org.jetbrains.kotlin.parsing.KotlinExpressionParsing.parseExpression(KotlinExpressionParsing.java:143)
	at org.jetbrains.kotlin.parsing.KotlinExpressionParsing.parseBlockLevelExpression(KotlinExpressionParsing.java:1320)
	at org.jetbrains.kotlin.parsing.KotlinExpressionParsing.parseStatement(KotlinExpressionParsing.java:1294)
	at org.jetbrains.kotlin.parsing.KotlinExpressionParsing.parseStatements(KotlinExpressionParsing.java:1256)
	at org.jetbrains.kotlin.parsing.KotlinExpressionParsing.parseStatements(KotlinExpressionParsing.java:1242)
	at org.jetbrains.kotlin.parsing.KotlinExpressionParsing.parseFunctionLiteral(KotlinExpressionParsing.java:1127)
	at org.jetbrains.kotlin.parsing.KotlinExpressionParsing.parseAnnotatedLambda(KotlinExpressionParsing.java:488)
	at org.jetbrains.kotlin.parsing.KotlinExpressionParsing.parseControlStructureBody(KotlinExpressionParsing.java:1473)
	at org.jetbrains.kotlin.parsing.KotlinExpressionParsing.parseIf(KotlinExpressionParsing.java:1578)
	at org.jetbrains.kotlin.parsing.KotlinExpressionParsing.parseAtomicExpression(KotlinExpressionParsing.java:562)
	at org.jetbrains.kotlin.parsing.KotlinExpressionParsing.parsePostfixExpression(KotlinExpressionParsing.java:351)
	at org.jetbrains.kotlin.parsing.KotlinExpressionParsing.parsePrefixExpression(KotlinExpressionParsing.java:278)
	at org.jetbrains.kotlin.parsing.KotlinExpressionParsing.parseBinaryExpression(KotlinExpressionParsing.java:168)
	at org.jetbrains.kotlin.parsing.KotlinExpressionParsing.parseExpression(KotlinExpressionParsing.java:152)
	at org.jetbrains.kotlin.parsing.KotlinExpressionParsing.parseExpression(KotlinExpressionParsing.java:143)
	at org.jetbrains.kotlin.parsing.KotlinExpressionParsing.parseBlockLevelExpression(KotlinExpressionParsing.java:1320)
	at org.jetbrains.kotlin.parsing.KotlinExpressionParsing.parseStatement(KotlinExpressionParsing.java:1294)
	at org.jetbrains.kotlin.parsing.KotlinExpressionParsing.parseStatements(KotlinExpressionParsing.java:1256)
	at org.jetbrains.kotlin.parsing.KotlinExpressionParsing.parseStatements(KotlinExpressionParsing.java:1242)
	at org.jetbrains.kotlin.parsing.KotlinExpressionParsing.parseFunctionLiteral(KotlinExpressionParsing.java:1127)
	at org.jetbrains.kotlin.parsing.KotlinExpressionParsing.parseAnnotatedLambda(KotlinExpressionParsing.java:488)
	at org.jetbrains.kotlin.parsing.KotlinExpressionParsing.parseControlStructureBody(KotlinExpressionParsing.java:1473)
	at org.jetbrains.kotlin.parsing.KotlinExpressionParsing.parseIf(KotlinExpressionParsing.java:1578)
	at org.jetbrains.kotlin.parsing.KotlinExpressionParsing.parseAtomicExpression(KotlinExpressionParsing.java:562)
	at org.jetbrains.kotlin.parsing.KotlinExpressionParsing.parsePostfixExpression(KotlinExpressionParsing.java:351)
	at org.jetbrains.kotlin.parsing.KotlinExpressionParsing.parsePrefixExpression(KotlinExpressionParsing.java:278)
	at org.jetbrains.kotlin.parsing.KotlinExpressionParsing.parseBinaryExpression(KotlinExpressionParsing.java:168)
	at org.jetbrains.kotlin.parsing.KotlinExpressionParsing.parseExpression(KotlinExpressionParsing.java:152)
	at org.jetbrains.kotlin.parsing.KotlinExpressionParsing.parseExpression(KotlinExpressionParsing.java:143)
	at org.jetbrains.kotlin.parsing.KotlinExpressionParsing.parseBlockLevelExpression(KotlinExpressionParsing.java:1320)
	at org.jetbrains.kotlin.parsing.KotlinExpressionParsing.parseStatement(KotlinExpressionParsing.java:1294)
	at org.jetbrains.kotlin.parsing.KotlinExpressionParsing.parseStatements(KotlinExpressionParsing.java:1256)
	at org.jetbrains.kotlin.parsing.KotlinExpressionParsing.parseStatements(KotlinExpressionParsing.java:1242)
	at org.jetbrains.kotlin.parsing.KotlinExpressionParsing.parseFunctionLiteral(KotlinExpressionParsing.java:1127)
	at org.jetbrains.kotlin.parsing.KotlinExpressionParsing.parseAnnotatedLambda(KotlinExpressionParsing.java:488)
	at org.jetbrains.kotlin.parsing.KotlinExpressionParsing.parseControlStructureBody(KotlinExpressionParsing.java:1473)
	at org.jetbrains.kotlin.parsing.KotlinExpressionParsing.parseIf(KotlinExpressionParsing.java:1578)
	at org.jetbrains.kotlin.parsing.KotlinExpressionParsing.parseAtomicExpression(KotlinExpressionParsing.java:562)
	at org.jetbrains.kotlin.parsing.KotlinExpressionParsing.parsePostfixExpression(KotlinExpressionParsing.java:351)
	at org.jetbrains.kotlin.parsing.KotlinExpressionParsing.parsePrefixExpression(KotlinExpressionParsing.java:278)
	at org.jetbrains.kotlin.parsing.KotlinExpressionParsing.parseBinaryExpression(KotlinExpressionParsing.java:168)
	at org.jetbrains.kotlin.parsing.KotlinExpressionParsing.parseExpression(KotlinExpressionParsing.java:152)
	at org.jetbrains.kotlin.parsing.KotlinExpressionParsing.parseExpression(KotlinExpressionParsing.java:143)
	at org.jetbrains.kotlin.parsing.KotlinExpressionParsing.parseBlockLevelExpression(KotlinExpressionParsing.java:1320)
	at org.jetbrains.kotlin.parsing.KotlinExpressionParsing.parseStatement(KotlinExpressionParsing.java:1294)
	at org.jetbrains.kotlin.parsing.KotlinExpressionParsing.parseStatements(KotlinExpressionParsing.java:1256)
	at org.jetbrains.kotlin.parsing.KotlinExpressionParsing.parseStatements(KotlinExpressionParsing.java:1242)
	at org.jetbrains.kotlin.parsing.KotlinExpressionParsing.parseFunctionLiteral(KotlinExpressionParsing.java:1127)
	at org.jetbrains.kotlin.parsing.KotlinExpressionParsing.parseAnnotatedLambda(KotlinExpressionParsing.java:488)
	at org.jetbrains.kotlin.parsing.KotlinExpressionParsing.parseControlStructureBody(KotlinExpressionParsing.java:1473)
	at org.jetbrains.kotlin.parsing.KotlinExpressionParsing.parseIf(KotlinExpressionParsing.java:1578)
	at org.jetbrains.kotlin.parsing.KotlinExpressionParsing.parseAtomicExpression(KotlinExpressionParsing.java:562)
	at org.jetbrains.kotlin.parsing.KotlinExpressionParsing.parsePostfixExpression(KotlinExpressionParsing.java:351)
	at org.jetbrains.kotlin.parsing.KotlinExpressionParsing.parsePrefixExpression(KotlinExpressionParsing.java:278)
	at org.jetbrains.kotlin.parsing.KotlinExpressionParsing.parseBinaryExpression(KotlinExpressionParsing.java:168)
	at org.jetbrains.kotlin.parsing.KotlinExpressionParsing.parseExpression(KotlinExpressionParsing.java:152)
	at org.jetbrains.kotlin.parsing.KotlinExpressionParsing.parseExpression(KotlinExpressionParsing.java:143)
	at org.jetbrains.kotlin.parsing.KotlinExpressionParsing.parseBlockLevelExpression(KotlinExpressionParsing.java:1320)
	at org.jetbrains.kotlin.parsing.KotlinExpressionParsing.parseStatement(KotlinExpressionParsing.java:1294)
	at org.jetbrains.kotlin.parsing.KotlinExpressionParsing.parseStatements(KotlinExpressionParsing.java:1256)
	at org.jetbrains.kotlin.parsing.KotlinExpressionParsing.parseStatements(KotlinExpressionParsing.java:1242)
	at org.jetbrains.kotlin.parsing.KotlinExpressionParsing.parseFunctionLiteral(KotlinExpressionParsing.java:1127)
	at org.jetbrains.kotlin.parsing.KotlinExpressionParsing.parseAnnotatedLambda(KotlinExpressionParsing.java:488)
	at org.jetbrains.kotlin.parsing.KotlinExpressionParsing.parseControlStructureBody(KotlinExpressionParsing.java:1473)
	at org.jetbrains.kotlin.parsing.KotlinExpressionParsing.parseIf(KotlinExpressionParsing.java:1578)
	at org.jetbrains.kotlin.parsing.KotlinExpressionParsing.parseAtomicExpression(KotlinExpressionParsing.java:562)
	at org.jetbrains.kotlin.parsing.KotlinExpressionParsing.parsePostfixExpression(KotlinExpressionParsing.java:351)
	at org.jetbrains.kotlin.parsing.KotlinExpressionParsing.parsePrefixExpression(KotlinExpressionParsing.java:278)
	at org.jetbrains.kotlin.parsing.KotlinExpressionParsing.parseBinaryExpression(KotlinExpressionParsing.java:168)
	at org.jetbrains.kotlin.parsing.KotlinExpressionParsing.parseExpression(KotlinExpressionParsing.java:152)
	at org.jetbrains.kotlin.parsing.KotlinExpressionParsing.parseExpression(KotlinExpressionParsing.java:143)
	at org.jetbrains.kotlin.parsing.KotlinExpressionParsing.parseBlockLevelExpression(KotlinExpressionParsing.java:1320)
	at org.jetbrains.kotlin.parsing.KotlinExpressionParsing.parseStatement(KotlinExpressionParsing.java:1294)
	at org.jetbrains.kotlin.parsing.KotlinExpressionParsing.parseStatements(KotlinExpressionParsing.java:1256)
	at org.jetbrains.kotlin.parsing.KotlinExpressionParsing.parseStatements(KotlinExpressionParsing.java:1242)
	at org.jetbrains.kotlin.parsing.KotlinExpressionParsing.parseFunctionLiteral(KotlinExpressionParsing.java:1127)
	at org.jetbrains.kotlin.parsing.KotlinExpressionParsing.parseAnnotatedLambda(KotlinExpressionParsing.java:488)
	at org.jetbrains.kotlin.parsing.KotlinExpressionParsing.parseControlStructureBody(KotlinExpressionParsing.java:1473)
	at org.jetbrains.kotlin.parsing.KotlinExpressionParsing.parseIf(KotlinExpressionParsing.java:1578)
	at org.jetbrains.kotlin.parsing.KotlinExpressionParsing.parseAtomicExpression(KotlinExpressionParsing.java:562)
	at org.jetbrains.kotlin.parsing.KotlinExpressionParsing.parseSelectorCallExpression(KotlinExpressionParsing.java:432)
	at org.jetbrains.kotlin.parsing.KotlinExpressionParsing.parsePostfixExpression(KotlinExpressionParsing.java:375)
	at org.jetbrains.kotlin.parsing.KotlinExpressionParsing.parsePrefixExpression(KotlinExpressionParsing.java:278)
	at org.jetbrains.kotlin.parsing.KotlinExpressionParsing.parseBinaryExpression(KotlinExpressionParsing.java:168)
	at org.jetbrains.kotlin.parsing.KotlinExpressionParsing.parseExpression(KotlinExpressionParsing.java:152)
	at org.jetbrains.kotlin.parsing.KotlinExpressionParsing.parseExpression(KotlinExpressionParsing.java:143)
	at org.jetbrains.kotlin.parsing.KotlinExpressionParsing.parseBlockLevelExpression(KotlinExpressionParsing.java:1320)
	at org.jetbrains.kotlin.parsing.KotlinExpressionParsing.parseStatement(KotlinExpressionParsing.java:1294)
	at org.jetbrains.kotlin.parsing.KotlinExpressionParsing.parseStatements(KotlinExpressionParsing.java:1256)
	at org.jetbrains.kotlin.parsing.KotlinExpressionParsing.parseStatements(KotlinExpressionParsing.java:1242)
	at org.jetbrains.kotlin.parsing.KotlinExpressionParsing.parseFunctionLiteral(KotlinExpressionParsing.java:1127)
	at org.jetbrains.kotlin.parsing.KotlinExpressionParsing.parseAnnotatedLambda(KotlinExpressionParsing.java:488)
	at org.jetbrains.kotlin.parsing.KotlinExpressionParsing.parseControlStructureBody(KotlinExpressionParsing.java:1473)
	at org.jetbrains.kotlin.parsing.KotlinExpressionParsing.parseIf(KotlinExpressionParsing.java:1578)
	at org.jetbrains.kotlin.parsing.KotlinExpressionParsing.parseAtomicExpression(KotlinExpressionParsing.java:562)
	at org.jetbrains.kotlin.parsing.KotlinExpressionParsing.parsePostfixExpression(KotlinExpressionParsing.java:351)
	at org.jetbrains.kotlin.parsing.KotlinExpressionParsing.parsePrefixExpression(KotlinExpressionParsing.java:278)
	at org.jetbrains.kotlin.parsing.KotlinExpressionParsing.parseBinaryExpression(KotlinExpressionParsing.java:168)
	at org.jetbrains.kotlin.parsing.KotlinExpressionParsing.parseExpression(KotlinExpressionParsing.java:152)
	at org.jetbrains.kotlin.parsing.KotlinExpressionParsing.parseExpression(KotlinExpressionParsing.java:143)
	at org.jetbrains.kotlin.parsing.KotlinExpressionParsing.parseBlockLevelExpression(KotlinExpressionParsing.java:1320)
	at org.jetbrains.kotlin.parsing.KotlinExpressionParsing.parseStatement(KotlinExpressionParsing.java:1294)
	at org.jetbrains.kotlin.parsing.KotlinExpressionParsing.parseStatements(KotlinExpressionParsing.java:1256)
	at org.jetbrains.kotlin.parsing.KotlinExpressionParsing.parseStatements(KotlinExpressionParsing.java:1242)
	at org.jetbrains.kotlin.parsing.KotlinExpressionParsing.parseFunctionLiteral(KotlinExpressionParsing.java:1127)
	at org.jetbrains.kotlin.parsing.KotlinExpressionParsing.parseAnnotatedLambda(KotlinExpressionParsing.java:488)
	at org.jetbrains.kotlin.parsing.KotlinExpressionParsing.parseControlStructureBody(KotlinExpressionParsing.java:1473)
	at org.jetbrains.kotlin.parsing.KotlinExpressionParsing.parseIf(KotlinExpressionParsing.java:1578)
	at org.jetbrains.kotlin.parsing.KotlinExpressionParsing.parseAtomicExpression(KotlinExpressionParsing.java:562)
	at org.jetbrains.kotlin.parsing.KotlinExpressionParsing.parsePostfixExpression(KotlinExpressionParsing.java:351)
	at org.jetbrains.kotlin.parsing.KotlinExpressionParsing.parsePrefixExpression(KotlinExpressionParsing.java:278)
	at org.jetbrains.kotlin.parsing.KotlinExpressionParsing.parseBinaryExpression(KotlinExpressionParsing.java:168)
	at org.jetbrains.kotlin.parsing.KotlinExpressionParsing.parseExpression(KotlinExpressionParsing.java:152)
	at org.jetbrains.kotlin.parsing.KotlinExpressionParsing.parseExpression(KotlinExpressionParsing.java:143)
	at org.jetbrains.kotlin.parsing.KotlinExpressionParsing.parseBlockLevelExpression(KotlinExpressionParsing.java:1320)
	at org.jetbrains.kotlin.parsing.KotlinExpressionParsing.parseStatement(KotlinExpressionParsing.java:1294)
	at org.jetbrains.kotlin.parsing.KotlinExpressionParsing.parseStatements(KotlinExpressionParsing.java:1256)
	at org.jetbrains.kotlin.parsing.KotlinExpressionParsing.parseStatements(KotlinExpressionParsing.java:1242)
	at org.jetbrains.kotlin.parsing.KotlinExpressionParsing.parseFunctionLiteral(KotlinExpressionParsing.java:1127)
	at org.jetbrains.kotlin.parsing.KotlinExpressionParsing.parseAnnotatedLambda(KotlinExpressionParsing.java:488)
	at org.jetbrains.kotlin.parsing.KotlinExpressionParsing.parseControlStructureBody(KotlinExpressionParsing.java:1473)
	at org.jetbrains.kotlin.parsing.KotlinExpressionParsing.parseIf(KotlinExpressionParsing.java:1578)
	at org.jetbrains.kotlin.parsing.KotlinExpressionParsing.parseAtomicExpression(KotlinExpressionParsing.java:562)
	at org.jetbrains.kotlin.parsing.KotlinExpressionParsing.parseSelectorCallExpression(KotlinExpressionParsing.java:432)
	at org.jetbrains.kotlin.parsing.KotlinExpressionParsing.parsePostfixExpression(KotlinExpressionParsing.java:375)
	at org.jetbrains.kotlin.parsing.KotlinExpressionParsing.parsePrefixExpression(KotlinExpressionParsing.java:278)
	at org.jetbrains.kotlin.parsing.KotlinExpressionParsing.parseBinaryExpression(KotlinExpressionParsing.java:168)
	at org.jetbrains.kotlin.parsing.KotlinExpressionParsing.parseExpression(KotlinExpressionParsing.java:152)
	at org.jetbrains.kotlin.parsing.KotlinExpressionParsing.parseExpression(KotlinExpressionParsing.java:143)
	at org.jetbrains.kotlin.parsing.KotlinExpressionParsing.parseBlockLevelExpression(KotlinExpressionParsing.java:1320)
	at org.jetbrains.kotlin.parsing.KotlinExpressionParsing.parseStatement(KotlinExpressionParsing.java:1294)
	at org.jetbrains.kotlin.parsing.KotlinExpressionParsing.parseStatements(KotlinExpressionParsing.java:1256)
	at org.jetbrains.kotlin.parsing.KotlinExpressionParsing.parseStatements(KotlinExpressionParsing.java:1242)
	at org.jetbrains.kotlin.parsing.KotlinExpressionParsing.parseFunctionLiteral(KotlinExpressionParsing.java:1127)
	at org.jetbrains.kotlin.parsing.KotlinExpressionParsing.parseAnnotatedLambda(KotlinExpressionParsing.java:488)
	at org.jetbrains.kotlin.parsing.KotlinExpressionParsing.parseControlStructureBody(KotlinExpressionParsing.java:1473)
	at org.jetbrains.kotlin.parsing.KotlinExpressionParsing.parseIf(KotlinExpressionParsing.java:1578)
	at org.jetbrains.kotlin.parsing.KotlinExpressionParsing.parseAtomicExpression(KotlinExpressionParsing.java:562)
	at org.jetbrains.kotlin.parsing.KotlinExpressionParsing.parsePostfixExpression(KotlinExpressionParsing.java:351)
	at org.jetbrains.kotlin.parsing.KotlinExpressionParsing.parsePrefixExpression(KotlinExpressionParsing.java:278)
	at org.jetbrains.kotlin.parsing.KotlinExpressionParsing.parseBinaryExpression(KotlinExpressionParsing.java:168)
	at org.jetbrains.kotlin.parsing.KotlinExpressionParsing.parseExpression(KotlinExpressionParsing.java:152)
	at org.jetbrains.kotlin.parsing.KotlinExpressionParsing.parseExpression(KotlinExpressionParsing.java:143)
	at org.jetbrains.kotlin.parsing.KotlinExpressionParsing.parseBlockLevelExpression(KotlinExpressionParsing.java:1320)
	at org.jetbrains.kotlin.parsing.KotlinExpressionParsing.parseStatement(KotlinExpressionParsing.java:1294)
	at org.jetbrains.kotlin.parsing.KotlinExpressionParsing.parseStatements(KotlinExpressionParsing.java:1256)
	at org.jetbrains.kotlin.parsing.KotlinExpressionParsing.parseStatements(KotlinExpressionParsing.java:1242)
	at org.jetbrains.kotlin.parsing.KotlinExpressionParsing.parseFunctionLiteral(KotlinExpressionParsing.java:1127)
	at org.jetbrains.kotlin.parsing.KotlinExpressionParsing.parseAnnotatedLambda(KotlinExpressionParsing.java:488)
	at org.jetbrains.kotlin.parsing.KotlinExpressionParsing.parseControlStructureBody(KotlinExpressionParsing.java:1473)
	at org.jetbrains.kotlin.parsing.KotlinExpressionParsing.parseIf(KotlinExpressionParsing.java:1578)
	at org.jetbrains.kotlin.parsing.KotlinExpressionParsing.parseAtomicExpression(KotlinExpressionParsing.java:562)
	at org.jetbrains.kotlin.parsing.KotlinExpressionParsing.parsePostfixExpression(KotlinExpressionParsing.java:351)
	at org.jetbrains.kotlin.parsing.KotlinExpressionParsing.parsePrefixExpression(KotlinExpressionParsing.java:278)
	at org.jetbrains.kotlin.parsing.KotlinExpressionParsing.parseBinaryExpression(KotlinExpressionParsing.java:168)
	at org.jetbrains.kotlin.parsing.KotlinExpressionParsing.parseExpression(KotlinExpressionParsing.java:152)
	at org.jetbrains.kotlin.parsing.KotlinExpressionParsing.parseExpression(KotlinExpressionParsing.java:143)
	at org.jetbrains.kotlin.parsing.KotlinExpressionParsing.parseBlockLevelExpression(KotlinExpressionParsing.java:1320)
	at org.jetbrains.kotlin.parsing.KotlinExpressionParsing.parseStatement(KotlinExpressionParsing.java:1294)
	at org.jetbrains.kotlin.parsing.KotlinExpressionParsing.parseStatements(KotlinExpressionParsing.java:1256)
	at org.jetbrains.kotlin.parsing.KotlinExpressionParsing.parseStatements(KotlinExpressionParsing.java:1242)
	at org.jetbrains.kotlin.parsing.KotlinExpressionParsing.parseFunctionLiteral(KotlinExpressionParsing.java:1127)
	at org.jetbrains.kotlin.parsing.KotlinExpressionParsing.parseAnnotatedLambda(KotlinExpressionParsing.java:488)
	at org.jetbrains.kotlin.parsing.KotlinExpressionParsing.parseControlStructureBody(KotlinExpressionParsing.java:1473)
	at org.jetbrains.kotlin.parsing.KotlinExpressionParsing.parseIf(KotlinExpressionParsing.java:1578)
	at org.jetbrains.kotlin.parsing.KotlinExpressionParsing.parseAtomicExpression(KotlinExpressionParsing.java:562)
	at org.jetbrains.kotlin.parsing.KotlinExpressionParsing.parsePostfixExpression(KotlinExpressionParsing.java:351)
	at org.jetbrains.kotlin.parsing.KotlinExpressionParsing.parsePrefixExpression(KotlinExpressionParsing.java:278)
	at org.jetbrains.kotlin.parsing.KotlinExpressionParsing.parseBinaryExpression(KotlinExpressionParsing.java:168)
	at org.jetbrains.kotlin.parsing.KotlinExpressionParsing.parseExpression(KotlinExpressionParsing.java:152)
	at org.jetbrains.kotlin.parsing.KotlinExpressionParsing.parseExpression(KotlinExpressionParsing.java:143)
	at org.jetbrains.kotlin.parsing.KotlinExpressionParsing.parseBlockLevelExpression(KotlinExpressionParsing.java:1320)
	at org.jetbrains.kotlin.parsing.KotlinExpressionParsing.parseStatement(KotlinExpressionParsing.java:1294)
	at org.jetbrains.kotlin.parsing.KotlinExpressionParsing.parseStatements(KotlinExpressionParsing.java:1256)
	at org.jetbrains.kotlin.parsing.KotlinExpressionParsing.parseStatements(KotlinExpressionParsing.java:1242)
	at org.jetbrains.kotlin.parsing.KotlinExpressionParsing.parseFunctionLiteral(KotlinExpressionParsing.java:1127)
	at org.jetbrains.kotlin.parsing.KotlinExpressionParsing.parseAnnotatedLambda(KotlinExpressionParsing.java:488)
	at org.jetbrains.kotlin.parsing.KotlinExpressionParsing.parseControlStructureBody(KotlinExpressionParsing.java:1473)
	at org.jetbrains.kotlin.parsing.KotlinExpressionParsing.parseIf(KotlinExpressionParsing.java:1578)
	at org.jetbrains.kotlin.parsing.KotlinExpressionParsing.parseAtomicExpression(KotlinExpressionParsing.java:562)
	at org.jetbrains.kotlin.parsing.KotlinExpressionParsing.parsePostfixExpression(KotlinExpressionParsing.java:351)
	at org.jetbrains.kotlin.parsing.KotlinExpressionParsing.parsePrefixExpression(KotlinExpressionParsing.java:278)
	at org.jetbrains.kotlin.parsing.KotlinExpressionParsing.parseBinaryExpression(KotlinExpressionParsing.java:168)
	at org.jetbrains.kotlin.parsing.KotlinExpressionParsing.parseExpression(KotlinExpressionParsing.java:152)
	at org.jetbrains.kotlin.parsing.KotlinExpressionParsing.parseExpression(KotlinExpressionParsing.java:143)
	at org.jetbrains.kotlin.parsing.KotlinExpressionParsing.parseBlockLevelExpression(KotlinExpressionParsing.java:1320)
	at org.jetbrains.kotlin.parsing.KotlinExpressionParsing.parseStatement(KotlinExpressionParsing.java:1294)
	at org.jetbrains.kotlin.parsing.KotlinExpressionParsing.parseStatements(KotlinExpressionParsing.java:1256)
	at org.jetbrains.kotlin.parsing.KotlinExpressionParsing.parseStatements(KotlinExpressionParsing.java:1242)
	at org.jetbrains.kotlin.parsing.KotlinExpressionParsing.parseFunctionLiteral(KotlinExpressionParsing.java:1127)
	at org.jetbrains.kotlin.parsing.KotlinExpressionParsing.parseAnnotatedLambda(KotlinExpressionParsing.java:488)
	at org.jetbrains.kotlin.parsing.KotlinExpressionParsing.parseControlStructureBody(KotlinExpressionParsing.java:1473)
	at org.jetbrains.kotlin.parsing.KotlinExpressionParsing.parseIf(KotlinExpressionParsing.java:1578)
	at org.jetbrains.kotlin.parsing.KotlinExpressionParsing.parseAtomicExpression(KotlinExpressionParsing.java:562)
	at org.jetbrains.kotlin.parsing.KotlinExpressionParsing.parsePostfixExpression(KotlinExpressionParsing.java:351)
	at org.jetbrains.kotlin.parsing.KotlinExpressionParsing.parsePrefixExpression(KotlinExpressionParsing.java:278)
	at org.jetbrains.kotlin.parsing.KotlinExpressionParsing.parseBinaryExpression(KotlinExpressionParsing.java:168)
	at org.jetbrains.kotlin.parsing.KotlinExpressionParsing.parseExpression(KotlinExpressionParsing.java:152)
	at org.jetbrains.kotlin.parsing.KotlinExpressionParsing.parseExpression(KotlinExpressionParsing.java:143)
	at org.jetbrains.kotlin.parsing.KotlinExpressionParsing.parseBlockLevelExpression(KotlinExpressionParsing.java:1320)
	at org.jetbrains.kotlin.parsing.KotlinExpressionParsing.parseStatement(KotlinExpressionParsing.java:1294)
	at org.jetbrains.kotlin.parsing.KotlinExpressionParsing.parseStatements(KotlinExpressionParsing.java:1256)
	at org.jetbrains.kotlin.parsing.KotlinExpressionParsing.parseStatements(KotlinExpressionParsing.java:1242)
	at org.jetbrains.kotlin.parsing.KotlinExpressionParsing.parseFunctionLiteral(KotlinExpressionParsing.java:1127)
	at org.jetbrains.kotlin.parsing.KotlinExpressionParsing.parseAnnotatedLambda(KotlinExpressionParsing.java:488)
	at org.jetbrains.kotlin.parsing.KotlinExpressionParsing.parseControlStructureBody(KotlinExpressionParsing.java:1473)
	at org.jetbrains.kotlin.parsing.KotlinExpressionParsing.parseIf(KotlinExpressionParsing.java:1578)
	at org.jetbrains.kotlin.parsing.KotlinExpressionParsing.parseAtomicExpression(KotlinExpressionParsing.java:562)
	at org.jetbrains.kotlin.parsing.KotlinExpressionParsing.parsePostfixExpression(KotlinExpressionParsing.java:351)
	at org.jetbrains.kotlin.parsing.KotlinExpressionParsing.parsePrefixExpression(KotlinExpressionParsing.java:278)
	at org.jetbrains.kotlin.parsing.KotlinExpressionParsing.parseBinaryExpression(KotlinExpressionParsing.java:168)
	at org.jetbrains.kotlin.parsing.KotlinExpressionParsing.parseExpression(KotlinExpressionParsing.java:152)
	at org.jetbrains.kotlin.parsing.KotlinExpressionParsing.parseExpression(KotlinExpressionParsing.java:143)
	at org.jetbrains.kotlin.parsing.KotlinExpressionParsing.parseBlockLevelExpression(KotlinExpressionParsing.java:1320)
	at org.jetbrains.kotlin.parsing.KotlinExpressionParsing.parseStatement(KotlinExpressionParsing.java:1294)
	at org.jetbrains.kotlin.parsing.KotlinExpressionParsing.parseStatements(KotlinExpressionParsing.java:1256)
	at org.jetbrains.kotlin.parsing.KotlinExpressionParsing.parseStatements(KotlinExpressionParsing.java:1242)
	at org.jetbrains.kotlin.parsing.KotlinExpressionParsing.parseFunctionLiteral(KotlinExpressionParsing.java:1127)
	at org.jetbrains.kotlin.parsing.KotlinExpressionParsing.parseAnnotatedLambda(KotlinExpressionParsing.java:488)
	at org.jetbrains.kotlin.parsing.KotlinExpressionParsing.parseControlStructureBody(KotlinExpressionParsing.java:1473)
	at org.jetbrains.kotlin.parsing.KotlinExpressionParsing.parseIf(KotlinExpressionParsing.java:1578)
	at org.jetbrains.kotlin.parsing.KotlinExpressionParsing.parseAtomicExpression(KotlinExpressionParsing.java:562)
	at org.jetbrains.kotlin.parsing.KotlinExpressionParsing.parsePostfixExpression(KotlinExpressionParsing.java:351)
	at org.jetbrains.kotlin.parsing.KotlinExpressionParsing.parsePrefixExpression(KotlinExpressionParsing.java:278)
	at org.jetbrains.kotlin.parsing.KotlinExpressionParsing.parseBinaryExpression(KotlinExpressionParsing.java:168)
	at org.jetbrains.kotlin.parsing.KotlinExpressionParsing.parseExpression(KotlinExpressionParsing.java:152)
	at org.jetbrains.kotlin.parsing.KotlinExpressionParsing.parseExpression(KotlinExpressionParsing.java:143)
	at org.jetbrains.kotlin.parsing.KotlinExpressionParsing.parseBlockLevelExpression(KotlinExpressionParsing.java:1320)
	at org.jetbrains.kotlin.parsing.KotlinExpressionParsing.parseStatement(KotlinExpressionParsing.java:1294)
	at org.jetbrains.kotlin.parsing.KotlinExpressionParsing.parseStatements(KotlinExpressionParsing.java:1256)
	at org.jetbrains.kotlin.parsing.KotlinExpressionParsing.parseStatements(KotlinExpressionParsing.java:1242)
	at org.jetbrains.kotlin.parsing.KotlinExpressionParsing.parseFunctionLiteral(KotlinExpressionParsing.java:1127)
	at org.jetbrains.kotlin.parsing.KotlinExpressionParsing.parseAnnotatedLambda(KotlinExpressionParsing.java:488)
	at org.jetbrains.kotlin.parsing.KotlinExpressionParsing.parseControlStructureBody(KotlinExpressionParsing.java:1473)
	at org.jetbrains.kotlin.parsing.KotlinExpressionParsing.parseIf(KotlinExpressionParsing.java:1578)
	at org.jetbrains.kotlin.parsing.KotlinExpressionParsing.parseAtomicExpression(KotlinExpressionParsing.java:562)
	at org.jetbrains.kotlin.parsing.KotlinExpressionParsing.parsePostfixExpression(KotlinExpressionParsing.java:351)
	at org.jetbrains.kotlin.parsing.KotlinExpressionParsing.parsePrefixExpression(KotlinExpressionParsing.java:278)
	at org.jetbrains.kotlin.parsing.KotlinExpressionParsing.parseBinaryExpression(KotlinExpressionParsing.java:168)
	at org.jetbrains.kotlin.parsing.KotlinExpressionParsing.parseExpression(KotlinExpressionParsing.java:152)
	at org.jetbrains.kotlin.parsing.KotlinExpressionParsing.parseExpression(KotlinExpressionParsing.java:143)
	at org.jetbrains.kotlin.parsing.KotlinExpressionParsing.parseBlockLevelExpression(KotlinExpressionParsing.java:1320)
	at org.jetbrains.kotlin.parsing.KotlinExpressionParsing.parseStatement(KotlinExpressionParsing.java:1294)
	at org.jetbrains.kotlin.parsing.KotlinExpressionParsing.parseStatements(KotlinExpressionParsing.java:1256)
	at org.jetbrains.kotlin.parsing.KotlinExpressionParsing.parseStatements(KotlinExpressionParsing.java:1242)
	at org.jetbrains.kotlin.parsing.KotlinExpressionParsing.parseFunctionLiteral(KotlinExpressionParsing.java:1127)
	at org.jetbrains.kotlin.parsing.KotlinExpressionParsing.parseAnnotatedLambda(KotlinExpressionParsing.java:488)
	at org.jetbrains.kotlin.parsing.KotlinExpressionParsing.parseControlStructureBody(KotlinExpressionParsing.java:1473)
	at org.jetbrains.kotlin.parsing.KotlinExpressionParsing.parseIf(KotlinExpressionParsing.java:1578)
	at org.jetbrains.kotlin.parsing.KotlinExpressionParsing.parseAtomicExpression(KotlinExpressionParsing.java:562)
	at org.jetbrains.kotlin.parsing.KotlinExpressionParsing.parsePostfixExpression(KotlinExpressionParsing.java:351)
	at org.jetbrains.kotlin.parsing.KotlinExpressionParsing.parsePrefixExpression(KotlinExpressionParsing.java:278)
	at org.jetbrains.kotlin.parsing.KotlinExpressionParsing.parseBinaryExpression(KotlinExpressionParsing.java:168)
	at org.jetbrains.kotlin.parsing.KotlinExpressionParsing.parseExpression(KotlinExpressionParsing.java:152)
	at org.jetbrains.kotlin.parsing.KotlinExpressionParsing.parseExpression(KotlinExpressionParsing.java:143)
	at org.jetbrains.kotlin.parsing.KotlinExpressionParsing.parseBlockLevelExpression(KotlinExpressionParsing.java:1320)
	at org.jetbrains.kotlin.parsing.KotlinExpressionParsing.parseStatement(KotlinExpressionParsing.java:1294)
	at org.jetbrains.kotlin.parsing.KotlinExpressionParsing.parseStatements(KotlinExpressionParsing.java:1256)
	at org.jetbrains.kotlin.parsing.KotlinExpressionParsing.parseStatements(KotlinExpressionParsing.java:1242)
	at org.jetbrains.kotlin.parsing.KotlinExpressionParsing.parseFunctionLiteral(KotlinExpressionParsing.java:1127)
	at org.jetbrains.kotlin.parsing.KotlinExpressionParsing.parseAnnotatedLambda(KotlinExpressionParsing.java:488)
	at org.jetbrains.kotlin.parsing.KotlinExpressionParsing.parseControlStructureBody(KotlinExpressionParsing.java:1473)
	at org.jetbrains.kotlin.parsing.KotlinExpressionParsing.parseIf(KotlinExpressionParsing.java:1578)
	at org.jetbrains.kotlin.parsing.KotlinExpressionParsing.parseAtomicExpression(KotlinExpressionParsing.java:562)
	at org.jetbrains.kotlin.parsing.KotlinExpressionParsing.parsePostfixExpression(KotlinExpressionParsing.java:351)
	at org.jetbrains.kotlin.parsing.KotlinExpressionParsing.parsePrefixExpression(KotlinExpressionParsing.java:278)
	at org.jetbrains.kotlin.parsing.KotlinExpressionParsing.parseBinaryExpression(KotlinExpressionParsing.java:168)
	at org.jetbrains.kotlin.parsing.KotlinExpressionParsing.parseExpression(KotlinExpressionParsing.java:152)
	at org.jetbrains.kotlin.parsing.KotlinExpressionParsing.parseExpression(KotlinExpressionParsing.java:143)
	at org.jetbrains.kotlin.parsing.KotlinExpressionParsing.parseBlockLevelExpression(KotlinExpressionParsing.java:1320)
	at org.jetbrains.kotlin.parsing.KotlinExpressionParsing.parseStatement(KotlinExpressionParsing.java:1294)
	at org.jetbrains.kotlin.parsing.KotlinExpressionParsing.parseStatements(KotlinExpressionParsing.java:1256)
	at org.jetbrains.kotlin.parsing.KotlinExpressionParsing.parseStatements(KotlinExpressionParsing.java:1242)
	at org.jetbrains.kotlin.parsing.KotlinExpressionParsing.parseFunctionLiteral(KotlinExpressionParsing.java:1127)
	at org.jetbrains.kotlin.parsing.KotlinExpressionParsing.parseAnnotatedLambda(KotlinExpressionParsing.java:488)
	at org.jetbrains.kotlin.parsing.KotlinExpressionParsing.parseControlStructureBody(KotlinExpressionParsing.java:1473)
	at org.jetbrains.kotlin.parsing.KotlinExpressionParsing.parseIf(KotlinExpressionParsing.java:1578)
	at org.jetbrains.kotlin.parsing.KotlinExpressionParsing.parseAtomicExpression(KotlinExpressionParsing.java:562)
	at org.jetbrains.kotlin.parsing.KotlinExpressionParsing.parsePostfixExpression(KotlinExpressionParsing.java:351)
	at org.jetbrains.kotlin.parsing.KotlinExpressionParsing.parsePrefixExpression(KotlinExpressionParsing.java:278)
	at org.jetbrains.kotlin.parsing.KotlinExpressionParsing.parseBinaryExpression(KotlinExpressionParsing.java:168)
	at org.jetbrains.kotlin.parsing.KotlinExpressionParsing.parseExpression(KotlinExpressionParsing.java:152)
	at org.jetbrains.kotlin.parsing.KotlinExpressionParsing.parseExpression(KotlinExpressionParsing.java:143)
	at org.jetbrains.kotlin.parsing.KotlinExpressionParsing.parseBlockLevelExpression(KotlinExpressionParsing.java:1320)
	at org.jetbrains.kotlin.parsing.KotlinExpressionParsing.parseStatement(KotlinExpressionParsing.java:1294)
	at org.jetbrains.kotlin.parsing.KotlinExpressionParsing.parseStatements(KotlinExpressionParsing.java:1256)
	at org.jetbrains.kotlin.parsing.KotlinExpressionParsing.parseStatements(KotlinExpressionParsing.java:1242)
	at org.jetbrains.kotlin.parsing.KotlinExpressionParsing.parseFunctionLiteral(KotlinExpressionParsing.java:1127)
	at org.jetbrains.kotlin.parsing.KotlinExpressionParsing.parseAnnotatedLambda(KotlinExpressionParsing.java:488)
	at org.jetbrains.kotlin.parsing.KotlinExpressionParsing.parseControlStructureBody(KotlinExpressionParsing.java:1473)
	at org.jetbrains.kotlin.parsing.KotlinExpressionParsing.parseIf(KotlinExpressionParsing.java:1578)
	at org.jetbrains.kotlin.parsing.KotlinExpressionParsing.parseAtomicExpression(KotlinExpressionParsing.java:562)
	at org.jetbrains.kotlin.parsing.KotlinExpressionParsing.parsePostfixExpression(KotlinExpressionParsing.java:351)
	at org.jetbrains.kotlin.parsing.KotlinExpressionParsing.parsePrefixExpression(KotlinExpressionParsing.java:278)
	at org.jetbrains.kotlin.parsing.KotlinExpressionParsing.parseBinaryExpression(KotlinExpressionParsing.java:168)
	at org.jetbrains.kotlin.parsing.KotlinExpressionParsing.parseExpression(KotlinExpressionParsing.java:152)
	at org.jetbrains.kotlin.parsing.KotlinExpressionParsing.parseExpression(KotlinExpressionParsing.java:143)
	at org.jetbrains.kotlin.parsing.KotlinExpressionParsing.parseBlockLevelExpression(KotlinExpressionParsing.java:1320)
	at org.jetbrains.kotlin.parsing.KotlinExpressionParsing.parseStatement(KotlinExpressionParsing.java:1294)
	at org.jetbrains.kotlin.parsing.KotlinExpressionParsing.parseStatements(KotlinExpressionParsing.java:1256)
	at org.jetbrains.kotlin.parsing.KotlinExpressionParsing.parseStatements(KotlinExpressionParsing.java:1242)
	at org.jetbrains.kotlin.parsing.KotlinExpressionParsing.parseFunctionLiteral(KotlinExpressionParsing.java:1127)
	at org.jetbrains.kotlin.parsing.KotlinExpressionParsing.parseAnnotatedLambda(KotlinExpressionParsing.java:488)
	at org.jetbrains.kotlin.parsing.KotlinExpressionParsing.parseControlStructureBody(KotlinExpressionParsing.java:1473)
	at org.jetbrains.kotlin.parsing.KotlinExpressionParsing.parseIf(KotlinExpressionParsing.java:1578)
	at org.jetbrains.kotlin.parsing.KotlinExpressionParsing.parseAtomicExpression(KotlinExpressionParsing.java:562)
	at org.jetbrains.kotlin.parsing.KotlinExpressionParsing.parsePostfixExpression(KotlinExpressionParsing.java:351)
	at org.jetbrains.kotlin.parsing.KotlinExpressionParsing.parsePrefixExpression(KotlinExpressionParsing.java:278)
	at org.jetbrains.kotlin.parsing.KotlinExpressionParsing.parseBinaryExpression(KotlinExpressionParsing.java:168)
	at org.jetbrains.kotlin.parsing.KotlinExpressionParsing.parseExpression(KotlinExpressionParsing.java:152)
	at org.jetbrains.kotlin.parsing.KotlinExpressionParsing.parseExpression(KotlinExpressionParsing.java:143)
	at org.jetbrains.kotlin.parsing.KotlinExpressionParsing.parseBlockLevelExpression(KotlinExpressionParsing.java:1320)
	at org.jetbrains.kotlin.parsing.KotlinExpressionParsing.parseStatement(KotlinExpressionParsing.java:1294)
	at org.jetbrains.kotlin.parsing.KotlinExpressionParsing.parseStatements(KotlinExpressionParsing.java:1256)
	at org.jetbrains.kotlin.parsing.KotlinExpressionParsing.parseStatements(KotlinExpressionParsing.java:1242)
	at org.jetbrains.kotlin.parsing.KotlinExpressionParsing.parseFunctionLiteral(KotlinExpressionParsing.java:1127)
	at org.jetbrains.kotlin.parsing.KotlinExpressionParsing.parseAnnotatedLambda(KotlinExpressionParsing.java:488)
	at org.jetbrains.kotlin.parsing.KotlinExpressionParsing.parseControlStructureBody(KotlinExpressionParsing.java:1473)
	at org.jetbrains.kotlin.parsing.KotlinExpressionParsing.parseIf(KotlinExpressionParsing.java:1578)
	at org.jetbrains.kotlin.parsing.KotlinExpressionParsing.parseAtomicExpression(KotlinExpressionParsing.java:562)
	at org.jetbrains.kotlin.parsing.KotlinExpressionParsing.parsePostfixExpression(KotlinExpressionParsing.java:351)
	at org.jetbrains.kotlin.parsing.KotlinExpressionParsing.parsePrefixExpression(KotlinExpressionParsing.java:278)
	at org.jetbrains.kotlin.parsing.KotlinExpressionParsing.parseBinaryExpression(KotlinExpressionParsing.java:168)
	at org.jetbrains.kotlin.parsing.KotlinExpressionParsing.parseExpression(KotlinExpressionParsing.java:152)
	at org.jetbrains.kotlin.parsing.KotlinExpressionParsing.parseExpression(KotlinExpressionParsing.java:143)
	at org.jetbrains.kotlin.parsing.KotlinExpressionParsing.parseBlockLevelExpression(KotlinExpressionParsing.java:1320)
	at org.jetbrains.kotlin.parsing.KotlinExpressionParsing.parseStatement(KotlinExpressionParsing.java:1294)
	at org.jetbrains.kotlin.parsing.KotlinExpressionParsing.parseStatements(KotlinExpressionParsing.java:1256)
	at org.jetbrains.kotlin.parsing.KotlinExpressionParsing.parseStatements(KotlinExpressionParsing.java:1242)
	at org.jetbrains.kotlin.parsing.KotlinExpressionParsing.parseFunctionLiteral(KotlinExpressionParsing.java:1127)
	at org.jetbrains.kotlin.parsing.KotlinExpressionParsing.parseAnnotatedLambda(KotlinExpressionParsing.java:488)
	at org.jetbrains.kotlin.parsing.KotlinExpressionParsing.parseControlStructureBody(KotlinExpressionParsing.java:1473)
	at org.jetbrains.kotlin.parsing.KotlinExpressionParsing.parseIf(KotlinExpressionParsing.java:1578)
	at org.jetbrains.kotlin.parsing.KotlinExpressionParsing.parseAtomicExpression(KotlinExpressionParsing.java:562)
	at org.jetbrains.kotlin.parsing.KotlinExpressionParsing.parsePostfixExpression(KotlinExpressionParsing.java:351)
	at org.jetbrains.kotlin.parsing.KotlinExpressionParsing.parsePrefixExpression(KotlinExpressionParsing.java:278)
	at org.jetbrains.kotlin.parsing.KotlinExpressionParsing.parseBinaryExpression(KotlinExpressionParsing.java:168)
	at org.jetbrains.kotlin.parsing.KotlinExpressionParsing.parseExpression(KotlinExpressionParsing.java:152)
	at org.jetbrains.kotlin.parsing.KotlinExpressionParsing.parseExpression(KotlinExpressionParsing.java:143)
	at org.jetbrains.kotlin.parsing.KotlinExpressionParsing.parseBlockLevelExpression(KotlinExpressionParsing.java:1320)
	at org.jetbrains.kotlin.parsing.KotlinExpressionParsing.parseStatement(KotlinExpressionParsing.java:1294)
	at org.jetbrains.kotlin.parsing.KotlinExpressionParsing.parseStatements(KotlinExpressionParsing.java:1256)
	at org.jetbrains.kotlin.parsing.KotlinExpressionParsing.parseStatements(KotlinExpressionParsing.java:1242)
	at org.jetbrains.kotlin.parsing.KotlinExpressionParsing.parseFunctionLiteral(KotlinExpressionParsing.java:1127)
	at org.jetbrains.kotlin.parsing.KotlinExpressionParsing.parseAnnotatedLambda(KotlinExpressionParsing.java:488)
	at org.jetbrains.kotlin.parsing.KotlinExpressionParsing.parseControlStructureBody(KotlinExpressionParsing.java:1473)


error message: java.lang.StackOverflowError
	at org.jetbrains.kotlin.com.intellij.psi.tree.TokenSet.contains(TokenSet.java:56)
	at org.jetbrains.kotlin.parsing.SemanticWhitespaceAwarePsiBuilderImpl.getTokenText(SemanticWhitespaceAwarePsiBuilderImpl.java:184)
	at org.jetbrains.kotlin.parsing.AbstractKotlinParsing.at(AbstractKotlinParsing.java:193)
	at org.jetbrains.kotlin.parsing.KotlinExpressionParsing.parseAtomicExpression(KotlinExpressionParsing.java:581)
	at org.jetbrains.kotlin.parsing.KotlinExpressionParsing.parsePostfixExpression(KotlinExpressionParsing.java:351)
	at org.jetbrains.kotlin.parsing.KotlinExpressionParsing.parsePrefixExpression(KotlinExpressionParsing.java:278)
	at org.jetbrains.kotlin.parsing.KotlinExpressionParsing.parseBinaryExpression(KotlinExpressionParsing.java:168)
	at org.jetbrains.kotlin.parsing.KotlinExpressionParsing.parseBinaryExpression(KotlinExpressionParsing.java:224)
	at org.jetbrains.kotlin.parsing.KotlinExpressionParsing.parseExpression(KotlinExpressionParsing.java:152)
	at org.jetbrains.kotlin.parsing.KotlinExpressionParsing.parseValueArgument(KotlinExpressionParsing.java:1854)
	at org.jetbrains.kotlin.parsing.KotlinExpressionParsing.parseValueArgumentList(KotlinExpressionParsing.java:1810)
	at org.jetbrains.kotlin.parsing.KotlinExpressionParsing.parseCallSuffix(KotlinExpressionParsing.java:405)
	at org.jetbrains.kotlin.parsing.KotlinExpressionParsing.parseSelectorCallExpression(KotlinExpressionParsing.java:433)
	at org.jetbrains.kotlin.parsing.KotlinExpressionParsing.parsePostfixExpression(KotlinExpressionParsing.java:375)
	at org.jetbrains.kotlin.parsing.KotlinExpressionParsing.parsePrefixExpression(KotlinExpressionParsing.java:278)
	at org.jetbrains.kotlin.parsing.KotlinExpressionParsing.parseBinaryExpression(KotlinExpressionParsing.java:168)
	at org.jetbrains.kotlin.parsing.KotlinExpressionParsing.parseExpression(KotlinExpressionParsing.java:152)
	at org.jetbrains.kotlin.parsing.KotlinExpressionParsing.parseExpression(KotlinExpressionParsing.java:143)
	at org.jetbrains.kotlin.parsing.KotlinExpressionParsing.parseBlockLevelExpression(KotlinExpressionParsing.java:1320)
	at org.jetbrains.kotlin.parsing.KotlinExpressionParsing.parseStatement(KotlinExpressionParsing.java:1294)
	at org.jetbrains.kotlin.parsing.KotlinExpressionParsing.parseStatements(KotlinExpressionParsing.java:1256)
	at org.jetbrains.kotlin.parsing.KotlinExpressionParsing.parseStatements(KotlinExpressionParsing.java:1242)
	at org.jetbrains.kotlin.parsing.KotlinExpressionParsing.parseFunctionLiteral(KotlinExpressionParsing.java:1142)
	at org.jetbrains.kotlin.parsing.KotlinExpressionParsing.parseAnnotatedLambda(KotlinExpressionParsing.java:488)
	at org.jetbrains.kotlin.parsing.KotlinExpressionParsing.parseCallWithClosure(KotlinExpressionParsing.java:456)
	at org.jetbrains.kotlin.parsing.KotlinExpressionParsing.parseCallSuffix(KotlinExpressionParsing.java:401)
	at org.jetbrains.kotlin.parsing.KotlinExpressionParsing.parseSelectorCallExpression(KotlinExpressionParsing.java:433)
	at org.jetbrains.kotlin.parsing.KotlinExpressionParsing.parsePostfixExpression(KotlinExpressionParsing.java:375)
	at org.jetbrains.kotlin.parsing.KotlinExpressionParsing.parsePrefixExpression(KotlinExpressionParsing.java:278)
	at org.jetbrains.kotlin.parsing.KotlinExpressionParsing.parseBinaryExpression(KotlinExpressionParsing.java:168)
	at org.jetbrains.kotlin.parsing.KotlinExpressionParsing.parseBinaryExpression(KotlinExpressionParsing.java:224)
	at org.jetbrains.kotlin.parsing.KotlinExpressionParsing.parseExpression(KotlinExpressionParsing.java:152)
	at org.jetbrains.kotlin.parsing.KotlinExpressionParsing.parseExpression(KotlinExpressionParsing.java:143)
	at org.jetbrains.kotlin.parsing.KotlinExpressionParsing.parseBlockLevelExpression(KotlinExpressionParsing.java:1320)
	at org.jetbrains.kotlin.parsing.KotlinExpressionParsing.parseStatement(KotlinExpressionParsing.java:1294)
	at org.jetbrains.kotlin.parsing.KotlinExpressionParsing.parseStatements(KotlinExpressionParsing.java:1256)
	at org.jetbrains.kotlin.parsing.KotlinExpressionParsing.parseStatements(KotlinExpressionParsing.java:1242)
	at org.jetbrains.kotlin.parsing.KotlinExpressionParsing.parseFunctionLiteral(KotlinExpressionParsing.java:1127)
	at org.jetbrains.kotlin.parsing.KotlinExpressionParsing.parseAnnotatedLambda(KotlinExpressionParsing.java:488)
	at org.jetbrains.kotlin.parsing.KotlinExpressionParsing.parseControlStructureBody(KotlinExpressionParsing.java:1473)
	at org.jetbrains.kotlin.parsing.KotlinExpressionParsing.parseIf(KotlinExpressionParsing.java:1578)
	at org.jetbrains.kotlin.parsing.KotlinExpressionParsing.parseAtomicExpression(KotlinExpressionParsing.java:562)
	at org.jetbrains.kotlin.parsing.KotlinExpressionParsing.parsePostfixExpression(KotlinExpressionParsing.java:351)
	at org.jetbrains.kotlin.parsing.KotlinExpressionParsing.parsePrefixExpression(KotlinExpressionParsing.java:278)
	at org.jetbrains.kotlin.parsing.KotlinExpressionParsing.parseBinaryExpression(KotlinExpressionParsing.java:168)
	at org.jetbrains.kotlin.parsing.KotlinExpressionParsing.parseExpression(KotlinExpressionParsing.java:152)
	at org.jetbrains.kotlin.parsing.KotlinExpressionParsing.parseExpression(KotlinExpressionParsing.java:143)
	at org.jetbrains.kotlin.parsing.KotlinExpressionParsing.parseBlockLevelExpression(KotlinExpressionParsing.java:1320)
	at org.jetbrains.kotlin.parsing.KotlinExpressionParsing.parseStatement(KotlinExpressionParsing.java:1294)
	at org.jetbrains.kotlin.parsing.KotlinExpressionParsing.parseStatements(KotlinExpressionParsing.java:1256)
	at org.jetbrains.kotlin.parsing.KotlinExpressionParsing.parseStatements(KotlinExpressionParsing.java:1242)
	at org.jetbrains.kotlin.parsing.KotlinExpressionParsing.parseFunctionLiteral(KotlinExpressionParsing.java:1127)
	at org.jetbrains.kotlin.parsing.KotlinExpressionParsing.parseAnnotatedLambda(KotlinExpressionParsing.java:488)
	at org.jetbrains.kotlin.parsing.KotlinExpressionParsing.parseControlStructureBody(KotlinExpressionParsing.java:1473)
	at org.jetbrains.kotlin.parsing.KotlinExpressionParsing.parseIf(KotlinExpressionParsing.java:1578)
	at org.jetbrains.kotlin.parsing.KotlinExpressionParsing.parseAtomicExpression(KotlinExpressionParsing.java:562)
	at org.jetbrains.kotlin.parsing.KotlinExpressionParsing.parsePostfixExpression(KotlinExpressionParsing.java:351)
	at org.jetbrains.kotlin.parsing.KotlinExpressionParsing.parsePrefixExpression(KotlinExpressionParsing.java:278)
	at org.jetbrains.kotlin.parsing.KotlinExpressionParsing.parseBinaryExpression(KotlinExpressionParsing.java:168)
	at org.jetbrains.kotlin.parsing.KotlinExpressionParsing.parseExpression(KotlinExpressionParsing.java:152)
	at org.jetbrains.kotlin.parsing.KotlinExpressionParsing.parseExpression(KotlinExpressionParsing.java:143)
	at org.jetbrains.kotlin.parsing.KotlinExpressionParsing.parseBlockLevelExpression(KotlinExpressionParsing.java:1320)
	at org.jetbrains.kotlin.parsing.KotlinExpressionParsing.parseStatement(KotlinExpressionParsing.java:1294)
	at org.jetbrains.kotlin.parsing.KotlinExpressionParsing.parseStatements(KotlinExpressionParsing.java:1256)
	at org.jetbrains.kotlin.parsing.KotlinExpressionParsing.parseStatements(KotlinExpressionParsing.java:1242)
	at org.jetbrains.kotlin.parsing.KotlinExpressionParsing.parseFunctionLiteral(KotlinExpressionParsing.java:1127)
	at org.jetbrains.kotlin.parsing.KotlinExpressionParsing.parseAnnotatedLambda(KotlinExpressionParsing.java:488)
	at org.jetbrains.kotlin.parsing.KotlinExpressionParsing.parseControlStructureBody(KotlinExpressionParsing.java:1473)
	at org.jetbrains.kotlin.parsing.KotlinExpressionParsing.parseIf(KotlinExpressionParsing.java:1578)
	at org.jetbrains.kotlin.parsing.KotlinExpressionParsing.parseAtomicExpression(KotlinExpressionParsing.java:562)
	at org.jetbrains.kotlin.parsing.KotlinExpressionParsing.parsePostfixExpression(KotlinExpressionParsing.java:351)
	at org.jetbrains.kotlin.parsing.KotlinExpressionParsing.parsePrefixExpression(KotlinExpressionParsing.java:278)
	at org.jetbrains.kotlin.parsing.KotlinExpressionParsing.parseBinaryExpression(KotlinExpressionParsing.java:168)
	at org.jetbrains.kotlin.parsing.KotlinExpressionParsing.parseExpression(KotlinExpressionParsing.java:152)
	at org.jetbrains.kotlin.parsing.KotlinExpressionParsing.parseExpression(KotlinExpressionParsing.java:143)
	at org.jetbrains.kotlin.parsing.KotlinExpressionParsing.parseBlockLevelExpression(KotlinExpressionParsing.java:1320)
	at org.jetbrains.kotlin.parsing.KotlinExpressionParsing.parseStatement(KotlinExpressionParsing.java:1294)
	at org.jetbrains.kotlin.parsing.KotlinExpressionParsing.parseStatements(KotlinExpressionParsing.java:1256)
	at org.jetbrains.kotlin.parsing.KotlinExpressionParsing.parseStatements(KotlinExpressionParsing.java:1242)
	at org.jetbrains.kotlin.parsing.KotlinExpressionParsing.parseFunctionLiteral(KotlinExpressionParsing.java:1127)
	at org.jetbrains.kotlin.parsing.KotlinExpressionParsing.parseAnnotatedLambda(KotlinExpressionParsing.java:488)
	at org.jetbrains.kotlin.parsing.KotlinExpressionParsing.parseControlStructureBody(KotlinExpressionParsing.java:1473)
	at org.jetbrains.kotlin.parsing.KotlinExpressionParsing.parseLoopBody(KotlinExpressionParsing.java:1484)
	at org.jetbrains.kotlin.parsing.KotlinExpressionParsing.parseFor(KotlinExpressionParsing.java:1467)
	at org.jetbrains.kotlin.parsing.KotlinExpressionParsing.parseAtomicExpression(KotlinExpressionParsing.java:571)
	at org.jetbrains.kotlin.parsing.KotlinExpressionParsing.parsePostfixExpression(KotlinExpressionParsing.java:351)
	at org.jetbrains.kotlin.parsing.KotlinExpressionParsing.parsePrefixExpression(KotlinExpressionParsing.java:278)
	at org.jetbrains.kotlin.parsing.KotlinExpressionParsing.parseBinaryExpression(KotlinExpressionParsing.java:168)
	at org.jetbrains.kotlin.parsing.KotlinExpressionParsing.parseExpression(KotlinExpressionParsing.java:152)
	at org.jetbrains.kotlin.parsing.KotlinExpressionParsing.parseExpression(KotlinExpressionParsing.java:143)
	at org.jetbrains.kotlin.parsing.KotlinExpressionParsing.parseBlockLevelExpression(KotlinExpressionParsing.java:1320)
	at org.jetbrains.kotlin.parsing.KotlinExpressionParsing.parseStatement(KotlinExpressionParsing.java:1294)
	at org.jetbrains.kotlin.parsing.KotlinExpressionParsing.parseStatements(KotlinExpressionParsing.java:1256)
	at org.jetbrains.kotlin.parsing.KotlinExpressionParsing.parseStatements(KotlinExpressionParsing.java:1242)
	at org.jetbrains.kotlin.parsing.KotlinExpressionParsing.parseFunctionLiteral(KotlinExpressionParsing.java:1127)
	at org.jetbrains.kotlin.parsing.KotlinExpressionParsing.parseAnnotatedLambda(KotlinExpressionParsing.java:488)
	at org.jetbrains.kotlin.parsing.KotlinExpressionParsing.parseControlStructureBody(KotlinExpressionParsing.java:1473)
	at org.jetbrains.kotlin.parsing.KotlinExpressionParsing.parseIf(KotlinExpressionParsing.java:1578)
	at org.jetbrains.kotlin.parsing.KotlinExpressionParsing.parseAtomicExpression(KotlinExpressionParsing.java:562)
	at org.jetbrains.kotlin.parsing.KotlinExpressionParsing.parsePostfixExpression(KotlinExpressionParsing.java:351)
	at org.jetbrains.kotlin.parsing.KotlinExpressionParsing.parsePrefixExpression(KotlinExpressionParsing.java:278)
	at org.jetbrains.kotlin.parsing.KotlinExpressionParsing.parseBinaryExpression(KotlinExpressionParsing.java:168)
	at org.jetbrains.kotlin.parsing.KotlinExpressionParsing.parseExpression(KotlinExpressionParsing.java:152)
	at org.jetbrains.kotlin.parsing.KotlinExpressionParsing.parseExpression(KotlinExpressionParsing.java:143)
	at org.jetbrains.kotlin.parsing.KotlinExpressionParsing.parseBlockLevelExpression(KotlinExpressionParsing.java:1320)
	at org.jetbrains.kotlin.parsing.KotlinExpressionParsing.parseStatement(KotlinExpressionParsing.java:1294)
	at org.jetbrains.kotlin.parsing.KotlinExpressionParsing.parseStatements(KotlinExpressionParsing.java:1256)
	at org.jetbrains.kotlin.parsing.KotlinExpressionParsing.parseStatements(KotlinExpressionParsing.java:1242)
	at org.jetbrains.kotlin.parsing.KotlinExpressionParsing.parseFunctionLiteral(KotlinExpressionParsing.java:1127)
	at org.jetbrains.kotlin.parsing.KotlinExpressionParsing.parseAnnotatedLambda(KotlinExpressionParsing.java:488)
	at org.jetbrains.kotlin.parsing.KotlinExpressionParsing.parseControlStructureBody(KotlinExpressionParsing.java:1473)
	at org.jetbrains.kotlin.parsing.KotlinExpressionParsing.parseIf(KotlinExpressionParsing.java:1578)
	at org.jetbrains.kotlin.parsing.KotlinExpressionParsing.parseAtomicExpression(KotlinExpressionParsing.java:562)
	at org.jetbrains.kotlin.parsing.KotlinExpressionParsing.parsePostfixExpression(KotlinExpressionParsing.java:351)
	at org.jetbrains.kotlin.parsing.KotlinExpressionParsing.parsePrefixExpression(KotlinExpressionParsing.java:278)
	at org.jetbrains.kotlin.parsing.KotlinExpressionParsing.parseBinaryExpression(KotlinExpressionParsing.java:168)
	at org.jetbrains.kotlin.parsing.KotlinExpressionParsing.parseExpression(KotlinExpressionParsing.java:152)
	at org.jetbrains.kotlin.parsing.KotlinExpressionParsing.parseExpression(KotlinExpressionParsing.java:143)
	at org.jetbrains.kotlin.parsing.KotlinExpressionParsing.parseBlockLevelExpression(KotlinExpressionParsing.java:1320)
	at org.jetbrains.kotlin.parsing.KotlinExpressionParsing.parseStatement(KotlinExpressionParsing.java:1294)
	at org.jetbrains.kotlin.parsing.KotlinExpressionParsing.parseStatements(KotlinExpressionParsing.java:1256)
	at org.jetbrains.kotlin.parsing.KotlinExpressionParsing.parseStatements(KotlinExpressionParsing.java:1242)
	at org.jetbrains.kotlin.parsing.KotlinExpressionParsing.parseFunctionLiteral(KotlinExpressionParsing.java:1127)
	at org.jetbrains.kotlin.parsing.KotlinExpressionParsing.parseAnnotatedLambda(KotlinExpressionParsing.java:488)
	at org.jetbrains.kotlin.parsing.KotlinExpressionParsing.parseControlStructureBody(KotlinExpressionParsing.java:1473)
	at org.jetbrains.kotlin.parsing.KotlinExpressionParsing.parseIf(KotlinExpressionParsing.java:1578)
	at org.jetbrains.kotlin.parsing.KotlinExpressionParsing.parseAtomicExpression(KotlinExpressionParsing.java:562)
	at org.jetbrains.kotlin.parsing.KotlinExpressionParsing.parsePostfixExpression(KotlinExpressionParsing.java:351)
	at org.jetbrains.kotlin.parsing.KotlinExpressionParsing.parsePrefixExpression(KotlinExpressionParsing.java:278)
	at org.jetbrains.kotlin.parsing.KotlinExpressionParsing.parseBinaryExpression(KotlinExpressionParsing.java:168)
	at org.jetbrains.kotlin.parsing.KotlinExpressionParsing.parseExpression(KotlinExpressionParsing.java:152)
	at org.jetbrains.kotlin.parsing.KotlinExpressionParsing.parseExpression(KotlinExpressionParsing.java:143)
	at org.jetbrains.kotlin.parsing.KotlinExpressionParsing.parseBlockLevelExpression(KotlinExpressionParsing.java:1320)
	at org.jetbrains.kotlin.parsing.KotlinExpressionParsing.parseStatement(KotlinExpressionParsing.java:1294)
	at org.jetbrains.kotlin.parsing.KotlinExpressionParsing.parseStatements(KotlinExpressionParsing.java:1256)
	at org.jetbrains.kotlin.parsing.KotlinExpressionParsing.parseStatements(KotlinExpressionParsing.java:1242)
	at org.jetbrains.kotlin.parsing.KotlinExpressionParsing.parseFunctionLiteral(KotlinExpressionParsing.java:1127)
	at org.jetbrains.kotlin.parsing.KotlinExpressionParsing.parseAnnotatedLambda(KotlinExpressionParsing.java:488)
	at org.jetbrains.kotlin.parsing.KotlinExpressionParsing.parseControlStructureBody(KotlinExpressionParsing.java:1473)
	at org.jetbrains.kotlin.parsing.KotlinExpressionParsing.parseIf(KotlinExpressionParsing.java:1578)
	at org.jetbrains.kotlin.parsing.KotlinExpressionParsing.parseAtomicExpression(KotlinExpressionParsing.java:562)
	at org.jetbrains.kotlin.parsing.KotlinExpressionParsing.parsePostfixExpression(KotlinExpressionParsing.java:351)
	at org.jetbrains.kotlin.parsing.KotlinExpressionParsing.parsePrefixExpression(KotlinExpressionParsing.java:278)
	at org.jetbrains.kotlin.parsing.KotlinExpressionParsing.parseBinaryExpression(KotlinExpressionParsing.java:168)
	at org.jetbrains.kotlin.parsing.KotlinExpressionParsing.parseExpression(KotlinExpressionParsing.java:152)
	at org.jetbrains.kotlin.parsing.KotlinExpressionParsing.parseExpression(KotlinExpressionParsing.java:143)
	at org.jetbrains.kotlin.parsing.KotlinExpressionParsing.parseBlockLevelExpression(KotlinExpressionParsing.java:1320)
	at org.jetbrains.kotlin.parsing.KotlinExpressionParsing.parseStatement(KotlinExpressionParsing.java:1294)
	at org.jetbrains.kotlin.parsing.KotlinExpressionParsing.parseStatements(KotlinExpressionParsing.java:1256)
	at org.jetbrains.kotlin.parsing.KotlinExpressionParsing.parseStatements(KotlinExpressionParsing.java:1242)
	at org.jetbrains.kotlin.parsing.KotlinExpressionParsing.parseFunctionLiteral(KotlinExpressionParsing.java:1127)
	at org.jetbrains.kotlin.parsing.KotlinExpressionParsing.parseAnnotatedLambda(KotlinExpressionParsing.java:488)
	at org.jetbrains.kotlin.parsing.KotlinExpressionParsing.parseControlStructureBody(KotlinExpressionParsing.java:1473)
	at org.jetbrains.kotlin.parsing.KotlinExpressionParsing.parseIf(KotlinExpressionParsing.java:1578)
	at org.jetbrains.kotlin.parsing.KotlinExpressionParsing.parseAtomicExpression(KotlinExpressionParsing.java:562)
	at org.jetbrains.kotlin.parsing.KotlinExpressionParsing.parsePostfixExpression(KotlinExpressionParsing.java:351)
	at org.jetbrains.kotlin.parsing.KotlinExpressionParsing.parsePrefixExpression(KotlinExpressionParsing.java:278)
	at org.jetbrains.kotlin.parsing.KotlinExpressionParsing.parseBinaryExpression(KotlinExpressionParsing.java:168)
	at org.jetbrains.kotlin.parsing.KotlinExpressionParsing.parseExpression(KotlinExpressionParsing.java:152)
	at org.jetbrains.kotlin.parsing.KotlinExpressionParsing.parseExpression(KotlinExpressionParsing.java:143)
	at org.jetbrains.kotlin.parsing.KotlinExpressionParsing.parseBlockLevelExpression(KotlinExpressionParsing.java:1320)
	at org.jetbrains.kotlin.parsing.KotlinExpressionParsing.parseStatement(KotlinExpressionParsing.java:1294)
	at org.jetbrains.kotlin.parsing.KotlinExpressionParsing.parseStatements(KotlinExpressionParsing.java:1256)
	at org.jetbrains.kotlin.parsing.KotlinExpressionParsing.parseStatements(KotlinExpressionParsing.java:1242)
	at org.jetbrains.kotlin.parsing.KotlinExpressionParsing.parseFunctionLiteral(KotlinExpressionParsing.java:1127)
	at org.jetbrains.kotlin.parsing.KotlinExpressionParsing.parseAnnotatedLambda(KotlinExpressionParsing.java:488)
	at org.jetbrains.kotlin.parsing.KotlinExpressionParsing.parseControlStructureBody(KotlinExpressionParsing.java:1473)
	at org.jetbrains.kotlin.parsing.KotlinExpressionParsing.parseIf(KotlinExpressionParsing.java:1578)
	at org.jetbrains.kotlin.parsing.KotlinExpressionParsing.parseAtomicExpression(KotlinExpressionParsing.java:562)
	at org.jetbrains.kotlin.parsing.KotlinExpressionParsing.parseSelectorCallExpression(KotlinExpressionParsing.java:432)
	at org.jetbrains.kotlin.parsing.KotlinExpressionParsing.parsePostfixExpression(KotlinExpressionParsing.java:375)
	at org.jetbrains.kotlin.parsing.KotlinExpressionParsing.parsePrefixExpression(KotlinExpressionParsing.java:278)
	at org.jetbrains.kotlin.parsing.KotlinExpressionParsing.parseBinaryExpression(KotlinExpressionParsing.java:168)
	at org.jetbrains.kotlin.parsing.KotlinExpressionParsing.parseExpression(KotlinExpressionParsing.java:152)
	at org.jetbrains.kotlin.parsing.KotlinExpressionParsing.parseExpression(KotlinExpressionParsing.java:143)
	at org.jetbrains.kotlin.parsing.KotlinExpressionParsing.parseBlockLevelExpression(KotlinExpressionParsing.java:1320)
	at org.jetbrains.kotlin.parsing.KotlinExpressionParsing.parseStatement(KotlinExpressionParsing.java:1294)
	at org.jetbrains.kotlin.parsing.KotlinExpressionParsing.parseStatements(KotlinExpressionParsing.java:1256)
	at org.jetbrains.kotlin.parsing.KotlinExpressionParsing.parseStatements(KotlinExpressionParsing.java:1242)
	at org.jetbrains.kotlin.parsing.KotlinExpressionParsing.parseFunctionLiteral(KotlinExpressionParsing.java:1127)
	at org.jetbrains.kotlin.parsing.KotlinExpressionParsing.parseAnnotatedLambda(KotlinExpressionParsing.java:488)
	at org.jetbrains.kotlin.parsing.KotlinExpressionParsing.parseControlStructureBody(KotlinExpressionParsing.java:1473)
	at org.jetbrains.kotlin.parsing.KotlinExpressionParsing.parseIf(KotlinExpressionParsing.java:1578)
	at org.jetbrains.kotlin.parsing.KotlinExpressionParsing.parseAtomicExpression(KotlinExpressionParsing.java:562)
	at org.jetbrains.kotlin.parsing.KotlinExpressionParsing.parsePostfixExpression(KotlinExpressionParsing.java:351)
	at org.jetbrains.kotlin.parsing.KotlinExpressionParsing.parsePrefixExpression(KotlinExpressionParsing.java:278)
	at org.jetbrains.kotlin.parsing.KotlinExpressionParsing.parseBinaryExpression(KotlinExpressionParsing.java:168)
	at org.jetbrains.kotlin.parsing.KotlinExpressionParsing.parseExpression(KotlinExpressionParsing.java:152)
	at org.jetbrains.kotlin.parsing.KotlinExpressionParsing.parseExpression(KotlinExpressionParsing.java:143)
	at org.jetbrains.kotlin.parsing.KotlinExpressionParsing.parseBlockLevelExpression(KotlinExpressionParsing.java:1320)
	at org.jetbrains.kotlin.parsing.KotlinExpressionParsing.parseStatement(KotlinExpressionParsing.java:1294)
	at org.jetbrains.kotlin.parsing.KotlinExpressionParsing.parseStatements(KotlinExpressionParsing.java:1256)
	at org.jetbrains.kotlin.parsing.KotlinExpressionParsing.parseStatements(KotlinExpressionParsing.java:1242)
	at org.jetbrains.kotlin.parsing.KotlinExpressionParsing.parseFunctionLiteral(KotlinExpressionParsing.java:1127)
	at org.jetbrains.kotlin.parsing.KotlinExpressionParsing.parseAnnotatedLambda(KotlinExpressionParsing.java:488)
	at org.jetbrains.kotlin.parsing.KotlinExpressionParsing.parseControlStructureBody(KotlinExpressionParsing.java:1473)
	at org.jetbrains.kotlin.parsing.KotlinExpressionParsing.parseIf(KotlinExpressionParsing.java:1578)
	at org.jetbrains.kotlin.parsing.KotlinExpressionParsing.parseAtomicExpression(KotlinExpressionParsing.java:562)
	at org.jetbrains.kotlin.parsing.KotlinExpressionParsing.parsePostfixExpression(KotlinExpressionParsing.java:351)
	at org.jetbrains.kotlin.parsing.KotlinExpressionParsing.parsePrefixExpression(KotlinExpressionParsing.java:278)
	at org.jetbrains.kotlin.parsing.KotlinExpressionParsing.parseBinaryExpression(KotlinExpressionParsing.java:168)
	at org.jetbrains.kotlin.parsing.KotlinExpressionParsing.parseExpression(KotlinExpressionParsing.java:152)
	at org.jetbrains.kotlin.parsing.KotlinExpressionParsing.parseExpression(KotlinExpressionParsing.java:143)
	at org.jetbrains.kotlin.parsing.KotlinExpressionParsing.parseBlockLevelExpression(KotlinExpressionParsing.java:1320)
	at org.jetbrains.kotlin.parsing.KotlinExpressionParsing.parseStatement(KotlinExpressionParsing.java:1294)
	at org.jetbrains.kotlin.parsing.KotlinExpressionParsing.parseStatements(KotlinExpressionParsing.java:1256)
	at org.jetbrains.kotlin.parsing.KotlinExpressionParsing.parseStatements(KotlinExpressionParsing.java:1242)
	at org.jetbrains.kotlin.parsing.KotlinExpressionParsing.parseFunctionLiteral(KotlinExpressionParsing.java:1127)
	at org.jetbrains.kotlin.parsing.KotlinExpressionParsing.parseAnnotatedLambda(KotlinExpressionParsing.java:488)
	at org.jetbrains.kotlin.parsing.KotlinExpressionParsing.parseControlStructureBody(KotlinExpressionParsing.java:1473)
	at org.jetbrains.kotlin.parsing.KotlinExpressionParsing.parseIf(KotlinExpressionParsing.java:1578)
	at org.jetbrains.kotlin.parsing.KotlinExpressionParsing.parseAtomicExpression(KotlinExpressionParsing.java:562)
	at org.jetbrains.kotlin.parsing.KotlinExpressionParsing.parsePostfixExpression(KotlinExpressionParsing.java:351)
	at org.jetbrains.kotlin.parsing.KotlinExpressionParsing.parsePrefixExpression(KotlinExpressionParsing.java:278)
	at org.jetbrains.kotlin.parsing.KotlinExpressionParsing.parseBinaryExpression(KotlinExpressionParsing.java:168)
	at org.jetbrains.kotlin.parsing.KotlinExpressionParsing.parseExpression(KotlinExpressionParsing.java:152)
	at org.jetbrains.kotlin.parsing.KotlinExpressionParsing.parseExpression(KotlinExpressionParsing.java:143)
	at org.jetbrains.kotlin.parsing.KotlinExpressionParsing.parseBlockLevelExpression(KotlinExpressionParsing.java:1320)
	at org.jetbrains.kotlin.parsing.KotlinExpressionParsing.parseStatement(KotlinExpressionParsing.java:1294)
	at org.jetbrains.kotlin.parsing.KotlinExpressionParsing.parseStatements(KotlinExpressionParsing.java:1256)
	at org.jetbrains.kotlin.parsing.KotlinExpressionParsing.parseStatements(KotlinExpressionParsing.java:1242)
	at org.jetbrains.kotlin.parsing.KotlinExpressionParsing.parseFunctionLiteral(KotlinExpressionParsing.java:1127)
	at org.jetbrains.kotlin.parsing.KotlinExpressionParsing.parseAnnotatedLambda(KotlinExpressionParsing.java:488)
	at org.jetbrains.kotlin.parsing.KotlinExpressionParsing.parseControlStructureBody(KotlinExpressionParsing.java:1473)
	at org.jetbrains.kotlin.parsing.KotlinExpressionParsing.parseIf(KotlinExpressionParsing.java:1578)
	at org.jetbrains.kotlin.parsing.KotlinExpressionParsing.parseAtomicExpression(KotlinExpressionParsing.java:562)
	at org.jetbrains.kotlin.parsing.KotlinExpressionParsing.parsePostfixExpression(KotlinExpressionParsing.java:351)
	at org.jetbrains.kotlin.parsing.KotlinExpressionParsing.parsePrefixExpression(KotlinExpressionParsing.java:278)
	at org.jetbrains.kotlin.parsing.KotlinExpressionParsing.parseBinaryExpression(KotlinExpressionParsing.java:168)
	at org.jetbrains.kotlin.parsing.KotlinExpressionParsing.parseExpression(KotlinExpressionParsing.java:152)
	at org.jetbrains.kotlin.parsing.KotlinExpressionParsing.parseExpression(KotlinExpressionParsing.java:143)
	at org.jetbrains.kotlin.parsing.KotlinExpressionParsing.parseBlockLevelExpression(KotlinExpressionParsing.java:1320)
	at org.jetbrains.kotlin.parsing.KotlinExpressionParsing.parseStatement(KotlinExpressionParsing.java:1294)
	at org.jetbrains.kotlin.parsing.KotlinExpressionParsing.parseStatements(KotlinExpressionParsing.java:1256)
	at org.jetbrains.kotlin.parsing.KotlinExpressionParsing.parseStatements(KotlinExpressionParsing.java:1242)
	at org.jetbrains.kotlin.parsing.KotlinExpressionParsing.parseFunctionLiteral(KotlinExpressionParsing.java:1127)
	at org.jetbrains.kotlin.parsing.KotlinExpressionParsing.parseAnnotatedLambda(KotlinExpressionParsing.java:488)
	at org.jetbrains.kotlin.parsing.KotlinExpressionParsing.parseControlStructureBody(KotlinExpressionParsing.java:1473)
	at org.jetbrains.kotlin.parsing.KotlinExpressionParsing.parseIf(KotlinExpressionParsing.java:1578)
	at org.jetbrains.kotlin.parsing.KotlinExpressionParsing.parseAtomicExpression(KotlinExpressionParsing.java:562)
	at org.jetbrains.kotlin.parsing.KotlinExpressionParsing.parsePostfixExpression(KotlinExpressionParsing.java:351)
	at org.jetbrains.kotlin.parsing.KotlinExpressionParsing.parsePrefixExpression(KotlinExpressionParsing.java:278)
	at org.jetbrains.kotlin.parsing.KotlinExpressionParsing.parseBinaryExpression(KotlinExpressionParsing.java:168)
	at org.jetbrains.kotlin.parsing.KotlinExpressionParsing.parseExpression(KotlinExpressionParsing.java:152)
	at org.jetbrains.kotlin.parsing.KotlinExpressionParsing.parseExpression(KotlinExpressionParsing.java:143)
	at org.jetbrains.kotlin.parsing.KotlinExpressionParsing.parseBlockLevelExpression(KotlinExpressionParsing.java:1320)
	at org.jetbrains.kotlin.parsing.KotlinExpressionParsing.parseStatement(KotlinExpressionParsing.java:1294)
	at org.jetbrains.kotlin.parsing.KotlinExpressionParsing.parseStatements(KotlinExpressionParsing.java:1256)
	at org.jetbrains.kotlin.parsing.KotlinExpressionParsing.parseStatements(KotlinExpressionParsing.java:1242)
	at org.jetbrains.kotlin.parsing.KotlinExpressionParsing.parseFunctionLiteral(KotlinExpressionParsing.java:1127)
	at org.jetbrains.kotlin.parsing.KotlinExpressionParsing.parseAnnotatedLambda(KotlinExpressionParsing.java:488)
	at org.jetbrains.kotlin.parsing.KotlinExpressionParsing.parseControlStructureBody(KotlinExpressionParsing.java:1473)
	at org.jetbrains.kotlin.parsing.KotlinExpressionParsing.parseIf(KotlinExpressionParsing.java:1578)
	at org.jetbrains.kotlin.parsing.KotlinExpressionParsing.parseAtomicExpression(KotlinExpressionParsing.java:562)
	at org.jetbrains.kotlin.parsing.KotlinExpressionParsing.parsePostfixExpression(KotlinExpressionParsing.java:351)
	at org.jetbrains.kotlin.parsing.KotlinExpressionParsing.parsePrefixExpression(KotlinExpressionParsing.java:278)
	at org.jetbrains.kotlin.parsing.KotlinExpressionParsing.parseBinaryExpression(KotlinExpressionParsing.java:168)
	at org.jetbrains.kotlin.parsing.KotlinExpressionParsing.parseExpression(KotlinExpressionParsing.java:152)
	at org.jetbrains.kotlin.parsing.KotlinExpressionParsing.parseExpression(KotlinExpressionParsing.java:143)
	at org.jetbrains.kotlin.parsing.KotlinExpressionParsing.parseBlockLevelExpression(KotlinExpressionParsing.java:1320)
	at org.jetbrains.kotlin.parsing.KotlinExpressionParsing.parseStatement(KotlinExpressionParsing.java:1294)
	at org.jetbrains.kotlin.parsing.KotlinExpressionParsing.parseStatements(KotlinExpressionParsing.java:1256)
	at org.jetbrains.kotlin.parsing.KotlinExpressionParsing.parseStatements(KotlinExpressionParsing.java:1242)
	at org.jetbrains.kotlin.parsing.KotlinExpressionParsing.parseFunctionLiteral(KotlinExpressionParsing.java:1127)
	at org.jetbrains.kotlin.parsing.KotlinExpressionParsing.parseAnnotatedLambda(KotlinExpressionParsing.java:488)
	at org.jetbrains.kotlin.parsing.KotlinExpressionParsing.parseControlStructureBody(KotlinExpressionParsing.java:1473)
	at org.jetbrains.kotlin.parsing.KotlinExpressionParsing.parseIf(KotlinExpressionParsing.java:1578)
	at org.jetbrains.kotlin.parsing.KotlinExpressionParsing.parseAtomicExpression(KotlinExpressionParsing.java:562)
	at org.jetbrains.kotlin.parsing.KotlinExpressionParsing.parsePostfixExpression(KotlinExpressionParsing.java:351)
	at org.jetbrains.kotlin.parsing.KotlinExpressionParsing.parsePrefixExpression(KotlinExpressionParsing.java:278)
	at org.jetbrains.kotlin.parsing.KotlinExpressionParsing.parseBinaryExpression(KotlinExpressionParsing.java:168)
	at org.jetbrains.kotlin.parsing.KotlinExpressionParsing.parseExpression(KotlinExpressionParsing.java:152)
	at org.jetbrains.kotlin.parsing.KotlinExpressionParsing.parseExpression(KotlinExpressionParsing.java:143)
	at org.jetbrains.kotlin.parsing.KotlinExpressionParsing.parseBlockLevelExpression(KotlinExpressionParsing.java:1320)
	at org.jetbrains.kotlin.parsing.KotlinExpressionParsing.parseStatement(KotlinExpressionParsing.java:1294)
	at org.jetbrains.kotlin.parsing.KotlinExpressionParsing.parseStatements(KotlinExpressionParsing.java:1256)
	at org.jetbrains.kotlin.parsing.KotlinExpressionParsing.parseStatements(KotlinExpressionParsing.java:1242)
	at org.jetbrains.kotlin.parsing.KotlinExpressionParsing.parseFunctionLiteral(KotlinExpressionParsing.java:1127)
	at org.jetbrains.kotlin.parsing.KotlinExpressionParsing.parseAnnotatedLambda(KotlinExpressionParsing.java:488)
	at org.jetbrains.kotlin.parsing.KotlinExpressionParsing.parseControlStructureBody(KotlinExpressionParsing.java:1473)
	at org.jetbrains.kotlin.parsing.KotlinExpressionParsing.parseIf(KotlinExpressionParsing.java:1578)
	at org.jetbrains.kotlin.parsing.KotlinExpressionParsing.parseAtomicExpression(KotlinExpressionParsing.java:562)
	at org.jetbrains.kotlin.parsing.KotlinExpressionParsing.parsePostfixExpression(KotlinExpressionParsing.java:351)
	at org.jetbrains.kotlin.parsing.KotlinExpressionParsing.parsePrefixExpression(KotlinExpressionParsing.java:278)
	at org.jetbrains.kotlin.parsing.KotlinExpressionParsing.parseBinaryExpression(KotlinExpressionParsing.java:168)
	at org.jetbrains.kotlin.parsing.KotlinExpressionParsing.parseExpression(KotlinExpressionParsing.java:152)
	at org.jetbrains.kotlin.parsing.KotlinExpressionParsing.parseExpression(KotlinExpressionParsing.java:143)
	at org.jetbrains.kotlin.parsing.KotlinExpressionParsing.parseBlockLevelExpression(KotlinExpressionParsing.java:1320)
	at org.jetbrains.kotlin.parsing.KotlinExpressionParsing.parseStatement(KotlinExpressionParsing.java:1294)
	at org.jetbrains.kotlin.parsing.KotlinExpressionParsing.parseStatements(KotlinExpressionParsing.java:1256)
	at org.jetbrains.kotlin.parsing.KotlinExpressionParsing.parseStatements(KotlinExpressionParsing.java:1242)
	at org.jetbrains.kotlin.parsing.KotlinExpressionParsing.parseFunctionLiteral(KotlinExpressionParsing.java:1127)
	at org.jetbrains.kotlin.parsing.KotlinExpressionParsing.parseAnnotatedLambda(KotlinExpressionParsing.java:488)
	at org.jetbrains.kotlin.parsing.KotlinExpressionParsing.parseControlStructureBody(KotlinExpressionParsing.java:1473)
	at org.jetbrains.kotlin.parsing.KotlinExpressionParsing.parseIf(KotlinExpressionParsing.java:1578)
	at org.jetbrains.kotlin.parsing.KotlinExpressionParsing.parseAtomicExpression(KotlinExpressionParsing.java:562)
	at org.jetbrains.kotlin.parsing.KotlinExpressionParsing.parsePostfixExpression(KotlinExpressionParsing.java:351)
	at org.jetbrains.kotlin.parsing.KotlinExpressionParsing.parsePrefixExpression(KotlinExpressionParsing.java:278)
	at org.jetbrains.kotlin.parsing.KotlinExpressionParsing.parseBinaryExpression(KotlinExpressionParsing.java:168)
	at org.jetbrains.kotlin.parsing.KotlinExpressionParsing.parseExpression(KotlinExpressionParsing.java:152)
	at org.jetbrains.kotlin.parsing.KotlinExpressionParsing.parseExpression(KotlinExpressionParsing.java:143)
	at org.jetbrains.kotlin.parsing.KotlinExpressionParsing.parseBlockLevelExpression(KotlinExpressionParsing.java:1320)
	at org.jetbrains.kotlin.parsing.KotlinExpressionParsing.parseStatement(KotlinExpressionParsing.java:1294)
	at org.jetbrains.kotlin.parsing.KotlinExpressionParsing.parseStatements(KotlinExpressionParsing.java:1256)
	at org.jetbrains.kotlin.parsing.KotlinExpressionParsing.parseStatements(KotlinExpressionParsing.java:1242)
	at org.jetbrains.kotlin.parsing.KotlinExpressionParsing.parseFunctionLiteral(KotlinExpressionParsing.java:1127)
	at org.jetbrains.kotlin.parsing.KotlinExpressionParsing.parseAnnotatedLambda(KotlinExpressionParsing.java:488)
	at org.jetbrains.kotlin.parsing.KotlinExpressionParsing.parseControlStructureBody(KotlinExpressionParsing.java:1473)
	at org.jetbrains.kotlin.parsing.KotlinExpressionParsing.parseIf(KotlinExpressionParsing.java:1578)
	at org.jetbrains.kotlin.parsing.KotlinExpressionParsing.parseAtomicExpression(KotlinExpressionParsing.java:562)
	at org.jetbrains.kotlin.parsing.KotlinExpressionParsing.parsePostfixExpression(KotlinExpressionParsing.java:351)
	at org.jetbrains.kotlin.parsing.KotlinExpressionParsing.parsePrefixExpression(KotlinExpressionParsing.java:278)
	at org.jetbrains.kotlin.parsing.KotlinExpressionParsing.parseBinaryExpression(KotlinExpressionParsing.java:168)
	at org.jetbrains.kotlin.parsing.KotlinExpressionParsing.parseExpression(KotlinExpressionParsing.java:152)
	at org.jetbrains.kotlin.parsing.KotlinExpressionParsing.parseExpression(KotlinExpressionParsing.java:143)
	at org.jetbrains.kotlin.parsing.KotlinExpressionParsing.parseBlockLevelExpression(KotlinExpressionParsing.java:1320)
	at org.jetbrains.kotlin.parsing.KotlinExpressionParsing.parseStatement(KotlinExpressionParsing.java:1294)
	at org.jetbrains.kotlin.parsing.KotlinExpressionParsing.parseStatements(KotlinExpressionParsing.java:1256)
	at org.jetbrains.kotlin.parsing.KotlinExpressionParsing.parseStatements(KotlinExpressionParsing.java:1242)
	at org.jetbrains.kotlin.parsing.KotlinExpressionParsing.parseFunctionLiteral(KotlinExpressionParsing.java:1127)
	at org.jetbrains.kotlin.parsing.KotlinExpressionParsing.parseAnnotatedLambda(KotlinExpressionParsing.java:488)
	at org.jetbrains.kotlin.parsing.KotlinExpressionParsing.parseControlStructureBody(KotlinExpressionParsing.java:1473)
	at org.jetbrains.kotlin.parsing.KotlinExpressionParsing.parseIf(KotlinExpressionParsing.java:1578)
	at org.jetbrains.kotlin.parsing.KotlinExpressionParsing.parseAtomicExpression(KotlinExpressionParsing.java:562)
	at org.jetbrains.kotlin.parsing.KotlinExpressionParsing.parsePostfixExpression(KotlinExpressionParsing.java:351)
	at org.jetbrains.kotlin.parsing.KotlinExpressionParsing.parsePrefixExpression(KotlinExpressionParsing.java:278)
	at org.jetbrains.kotlin.parsing.KotlinExpressionParsing.parseBinaryExpression(KotlinExpressionParsing.java:168)
	at org.jetbrains.kotlin.parsing.KotlinExpressionParsing.parseExpression(KotlinExpressionParsing.java:152)
	at org.jetbrains.kotlin.parsing.KotlinExpressionParsing.parseExpression(KotlinExpressionParsing.java:143)
	at org.jetbrains.kotlin.parsing.KotlinExpressionParsing.parseBlockLevelExpression(KotlinExpressionParsing.java:1320)
	at org.jetbrains.kotlin.parsing.KotlinExpressionParsing.parseStatement(KotlinExpressionParsing.java:1294)
	at org.jetbrains.kotlin.parsing.KotlinExpressionParsing.parseStatements(KotlinExpressionParsing.java:1256)
	at org.jetbrains.kotlin.parsing.KotlinExpressionParsing.parseStatements(KotlinExpressionParsing.java:1242)
	at org.jetbrains.kotlin.parsing.KotlinExpressionParsing.parseFunctionLiteral(KotlinExpressionParsing.java:1127)
	at org.jetbrains.kotlin.parsing.KotlinExpressionParsing.parseAnnotatedLambda(KotlinExpressionParsing.java:488)
	at org.jetbrains.kotlin.parsing.KotlinExpressionParsing.parseControlStructureBody(KotlinExpressionParsing.java:1473)
	at org.jetbrains.kotlin.parsing.KotlinExpressionParsing.parseIf(KotlinExpressionParsing.java:1578)
	at org.jetbrains.kotlin.parsing.KotlinExpressionParsing.parseAtomicExpression(KotlinExpressionParsing.java:562)
	at org.jetbrains.kotlin.parsing.KotlinExpressionParsing.parsePostfixExpression(KotlinExpressionParsing.java:351)
	at org.jetbrains.kotlin.parsing.KotlinExpressionParsing.parsePrefixExpression(KotlinExpressionParsing.java:278)
	at org.jetbrains.kotlin.parsing.KotlinExpressionParsing.parseBinaryExpression(KotlinExpressionParsing.java:168)
	at org.jetbrains.kotlin.parsing.KotlinExpressionParsing.parseExpression(KotlinExpressionParsing.java:152)
	at org.jetbrains.kotlin.parsing.KotlinExpressionParsing.parseExpression(KotlinExpressionParsing.java:143)
	at org.jetbrains.kotlin.parsing.KotlinExpressionParsing.parseBlockLevelExpression(KotlinExpressionParsing.java:1320)
	at org.jetbrains.kotlin.parsing.KotlinExpressionParsing.parseStatement(KotlinExpressionParsing.java:1294)
	at org.jetbrains.kotlin.parsing.KotlinExpressionParsing.parseStatements(KotlinExpressionParsing.java:1256)
	at org.jetbrains.kotlin.parsing.KotlinExpressionParsing.parseStatements(KotlinExpressionParsing.java:1242)
	at org.jetbrains.kotlin.parsing.KotlinExpressionParsing.parseFunctionLiteral(KotlinExpressionParsing.java:1127)
	at org.jetbrains.kotlin.parsing.KotlinExpressionParsing.parseAnnotatedLambda(KotlinExpressionParsing.java:488)
	at org.jetbrains.kotlin.parsing.KotlinExpressionParsing.parseControlStructureBody(KotlinExpressionParsing.java:1473)
	at org.jetbrains.kotlin.parsing.KotlinExpressionParsing.parseIf(KotlinExpressionParsing.java:1578)
	at org.jetbrains.kotlin.parsing.KotlinExpressionParsing.parseAtomicExpression(KotlinExpressionParsing.java:562)
	at org.jetbrains.kotlin.parsing.KotlinExpressionParsing.parsePostfixExpression(KotlinExpressionParsing.java:351)
	at org.jetbrains.kotlin.parsing.KotlinExpressionParsing.parsePrefixExpression(KotlinExpressionParsing.java:278)
	at org.jetbrains.kotlin.parsing.KotlinExpressionParsing.parseBinaryExpression(KotlinExpressionParsing.java:168)
	at org.jetbrains.kotlin.parsing.KotlinExpressionParsing.parseExpression(KotlinExpressionParsing.java:152)
	at org.jetbrains.kotlin.parsing.KotlinExpressionParsing.parseExpression(KotlinExpressionParsing.java:143)
	at org.jetbrains.kotlin.parsing.KotlinExpressionParsing.parseBlockLevelExpression(KotlinExpressionParsing.java:1320)
	at org.jetbrains.kotlin.parsing.KotlinExpressionParsing.parseStatement(KotlinExpressionParsing.java:1294)
	at org.jetbrains.kotlin.parsing.KotlinExpressionParsing.parseStatements(KotlinExpressionParsing.java:1256)
	at org.jetbrains.kotlin.parsing.KotlinExpressionParsing.parseStatements(KotlinExpressionParsing.java:1242)
	at org.jetbrains.kotlin.parsing.KotlinExpressionParsing.parseFunctionLiteral(KotlinExpressionParsing.java:1127)
	at org.jetbrains.kotlin.parsing.KotlinExpressionParsing.parseAnnotatedLambda(KotlinExpressionParsing.java:488)
	at org.jetbrains.kotlin.parsing.KotlinExpressionParsing.parseControlStructureBody(KotlinExpressionParsing.java:1473)
	at org.jetbrains.kotlin.parsing.KotlinExpressionParsing.parseIf(KotlinExpressionParsing.java:1578)
	at org.jetbrains.kotlin.parsing.KotlinExpressionParsing.parseAtomicExpression(KotlinExpressionParsing.java:562)
	at org.jetbrains.kotlin.parsing.KotlinExpressionParsing.parsePostfixExpression(KotlinExpressionParsing.java:351)
	at org.jetbrains.kotlin.parsing.KotlinExpressionParsing.parsePrefixExpression(KotlinExpressionParsing.java:278)
	at org.jetbrains.kotlin.parsing.KotlinExpressionParsing.parseBinaryExpression(KotlinExpressionParsing.java:168)
	at org.jetbrains.kotlin.parsing.KotlinExpressionParsing.parseExpression(KotlinExpressionParsing.java:152)
	at org.jetbrains.kotlin.parsing.KotlinExpressionParsing.parseExpression(KotlinExpressionParsing.java:143)
	at org.jetbrains.kotlin.parsing.KotlinExpressionParsing.parseBlockLevelExpression(KotlinExpressionParsing.java:1320)
	at org.jetbrains.kotlin.parsing.KotlinExpressionParsing.parseStatement(KotlinExpressionParsing.java:1294)
	at org.jetbrains.kotlin.parsing.KotlinExpressionParsing.parseStatements(KotlinExpressionParsing.java:1256)
	at org.jetbrains.kotlin.parsing.KotlinExpressionParsing.parseStatements(KotlinExpressionParsing.java:1242)
	at org.jetbrains.kotlin.parsing.KotlinExpressionParsing.parseFunctionLiteral(KotlinExpressionParsing.java:1127)
	at org.jetbrains.kotlin.parsing.KotlinExpressionParsing.parseAnnotatedLambda(KotlinExpressionParsing.java:488)
	at org.jetbrains.kotlin.parsing.KotlinExpressionParsing.parseControlStructureBody(KotlinExpressionParsing.java:1473)
	at org.jetbrains.kotlin.parsing.KotlinExpressionParsing.parseIf(KotlinExpressionParsing.java:1578)
	at org.jetbrains.kotlin.parsing.KotlinExpressionParsing.parseAtomicExpression(KotlinExpressionParsing.java:562)
	at org.jetbrains.kotlin.parsing.KotlinExpressionParsing.parsePostfixExpression(KotlinExpressionParsing.java:351)
	at org.jetbrains.kotlin.parsing.KotlinExpressionParsing.parsePrefixExpression(KotlinExpressionParsing.java:278)
	at org.jetbrains.kotlin.parsing.KotlinExpressionParsing.parseBinaryExpression(KotlinExpressionParsing.java:168)
	at org.jetbrains.kotlin.parsing.KotlinExpressionParsing.parseExpression(KotlinExpressionParsing.java:152)
	at org.jetbrains.kotlin.parsing.KotlinExpressionParsing.parseExpression(KotlinExpressionParsing.java:143)
	at org.jetbrains.kotlin.parsing.KotlinExpressionParsing.parseBlockLevelExpression(KotlinExpressionParsing.java:1320)
	at org.jetbrains.kotlin.parsing.KotlinExpressionParsing.parseStatement(KotlinExpressionParsing.java:1294)
	at org.jetbrains.kotlin.parsing.KotlinExpressionParsing.parseStatements(KotlinExpressionParsing.java:1256)
	at org.jetbrains.kotlin.parsing.KotlinExpressionParsing.parseStatements(KotlinExpressionParsing.java:1242)
	at org.jetbrains.kotlin.parsing.KotlinExpressionParsing.parseFunctionLiteral(KotlinExpressionParsing.java:1127)
	at org.jetbrains.kotlin.parsing.KotlinExpressionParsing.parseAnnotatedLambda(KotlinExpressionParsing.java:488)
	at org.jetbrains.kotlin.parsing.KotlinExpressionParsing.parseControlStructureBody(KotlinExpressionParsing.java:1473)
	at org.jetbrains.kotlin.parsing.KotlinExpressionParsing.parseIf(KotlinExpressionParsing.java:1578)
	at org.jetbrains.kotlin.parsing.KotlinExpressionParsing.parseAtomicExpression(KotlinExpressionParsing.java:562)
	at org.jetbrains.kotlin.parsing.KotlinExpressionParsing.parsePostfixExpression(KotlinExpressionParsing.java:351)
	at org.jetbrains.kotlin.parsing.KotlinExpressionParsing.parsePrefixExpression(KotlinExpressionParsing.java:278)
	at org.jetbrains.kotlin.parsing.KotlinExpressionParsing.parseBinaryExpression(KotlinExpressionParsing.java:168)
	at org.jetbrains.kotlin.parsing.KotlinExpressionParsing.parseExpression(KotlinExpressionParsing.java:152)
	at org.jetbrains.kotlin.parsing.KotlinExpressionParsing.parseExpression(KotlinExpressionParsing.java:143)
	at org.jetbrains.kotlin.parsing.KotlinExpressionParsing.parseBlockLevelExpression(KotlinExpressionParsing.java:1320)
	at org.jetbrains.kotlin.parsing.KotlinExpressionParsing.parseStatement(KotlinExpressionParsing.java:1294)
	at org.jetbrains.kotlin.parsing.KotlinExpressionParsing.parseStatements(KotlinExpressionParsing.java:1256)
	at org.jetbrains.kotlin.parsing.KotlinExpressionParsing.parseStatements(KotlinExpressionParsing.java:1242)
	at org.jetbrains.kotlin.parsing.KotlinExpressionParsing.parseFunctionLiteral(KotlinExpressionParsing.java:1127)
	at org.jetbrains.kotlin.parsing.KotlinExpressionParsing.parseAnnotatedLambda(KotlinExpressionParsing.java:488)
	at org.jetbrains.kotlin.parsing.KotlinExpressionParsing.parseControlStructureBody(KotlinExpressionParsing.java:1473)
	at org.jetbrains.kotlin.parsing.KotlinExpressionParsing.parseIf(KotlinExpressionParsing.java:1578)
	at org.jetbrains.kotlin.parsing.KotlinExpressionParsing.parseAtomicExpression(KotlinExpressionParsing.java:562)
	at org.jetbrains.kotlin.parsing.KotlinExpressionParsing.parsePostfixExpression(KotlinExpressionParsing.java:351)
	at org.jetbrains.kotlin.parsing.KotlinExpressionParsing.parsePrefixExpression(KotlinExpressionParsing.java:278)
	at org.jetbrains.kotlin.parsing.KotlinExpressionParsing.parseBinaryExpression(KotlinExpressionParsing.java:168)
	at org.jetbrains.kotlin.parsing.KotlinExpressionParsing.parseExpression(KotlinExpressionParsing.java:152)
	at org.jetbrains.kotlin.parsing.KotlinExpressionParsing.parseExpression(KotlinExpressionParsing.java:143)
	at org.jetbrains.kotlin.parsing.KotlinExpressionParsing.parseBlockLevelExpression(KotlinExpressionParsing.java:1320)
	at org.jetbrains.kotlin.parsing.KotlinExpressionParsing.parseStatement(KotlinExpressionParsing.java:1294)
	at org.jetbrains.kotlin.parsing.KotlinExpressionParsing.parseStatements(KotlinExpressionParsing.java:1256)
	at org.jetbrains.kotlin.parsing.KotlinExpressionParsing.parseStatements(KotlinExpressionParsing.java:1242)
	at org.jetbrains.kotlin.parsing.KotlinExpressionParsing.parseFunctionLiteral(KotlinExpressionParsing.java:1127)
	at org.jetbrains.kotlin.parsing.KotlinExpressionParsing.parseAnnotatedLambda(KotlinExpressionParsing.java:488)
	at org.jetbrains.kotlin.parsing.KotlinExpressionParsing.parseControlStructureBody(KotlinExpressionParsing.java:1473)
	at org.jetbrains.kotlin.parsing.KotlinExpressionParsing.parseIf(KotlinExpressionParsing.java:1578)
	at org.jetbrains.kotlin.parsing.KotlinExpressionParsing.parseAtomicExpression(KotlinExpressionParsing.java:562)
	at org.jetbrains.kotlin.parsing.KotlinExpressionParsing.parsePostfixExpression(KotlinExpressionParsing.java:351)
	at org.jetbrains.kotlin.parsing.KotlinExpressionParsing.parsePrefixExpression(KotlinExpressionParsing.java:278)
	at org.jetbrains.kotlin.parsing.KotlinExpressionParsing.parseBinaryExpression(KotlinExpressionParsing.java:168)
	at org.jetbrains.kotlin.parsing.KotlinExpressionParsing.parseExpression(KotlinExpressionParsing.java:152)
	at org.jetbrains.kotlin.parsing.KotlinExpressionParsing.parseExpression(KotlinExpressionParsing.java:143)
	at org.jetbrains.kotlin.parsing.KotlinExpressionParsing.parseBlockLevelExpression(KotlinExpressionParsing.java:1320)
	at org.jetbrains.kotlin.parsing.KotlinExpressionParsing.parseStatement(KotlinExpressionParsing.java:1294)
	at org.jetbrains.kotlin.parsing.KotlinExpressionParsing.parseStatements(KotlinExpressionParsing.java:1256)
	at org.jetbrains.kotlin.parsing.KotlinExpressionParsing.parseStatements(KotlinExpressionParsing.java:1242)
	at org.jetbrains.kotlin.parsing.KotlinExpressionParsing.parseFunctionLiteral(KotlinExpressionParsing.java:1127)
	at org.jetbrains.kotlin.parsing.KotlinExpressionParsing.parseAnnotatedLambda(KotlinExpressionParsing.java:488)
	at org.jetbrains.kotlin.parsing.KotlinExpressionParsing.parseControlStructureBody(KotlinExpressionParsing.java:1473)
	at org.jetbrains.kotlin.parsing.KotlinExpressionParsing.parseIf(KotlinExpressionParsing.java:1578)
	at org.jetbrains.kotlin.parsing.KotlinExpressionParsing.parseAtomicExpression(KotlinExpressionParsing.java:562)
	at org.jetbrains.kotlin.parsing.KotlinExpressionParsing.parsePostfixExpression(KotlinExpressionParsing.java:351)
	at org.jetbrains.kotlin.parsing.KotlinExpressionParsing.parsePrefixExpression(KotlinExpressionParsing.java:278)
	at org.jetbrains.kotlin.parsing.KotlinExpressionParsing.parseBinaryExpression(KotlinExpressionParsing.java:168)
	at org.jetbrains.kotlin.parsing.KotlinExpressionParsing.parseExpression(KotlinExpressionParsing.java:152)
	at org.jetbrains.kotlin.parsing.KotlinExpressionParsing.parseExpression(KotlinExpressionParsing.java:143)
	at org.jetbrains.kotlin.parsing.KotlinExpressionParsing.parseBlockLevelExpression(KotlinExpressionParsing.java:1320)
	at org.jetbrains.kotlin.parsing.KotlinExpressionParsing.parseStatement(KotlinExpressionParsing.java:1294)
	at org.jetbrains.kotlin.parsing.KotlinExpressionParsing.parseStatements(KotlinExpressionParsing.java:1256)
	at org.jetbrains.kotlin.parsing.KotlinExpressionParsing.parseStatements(KotlinExpressionParsing.java:1242)
	at org.jetbrains.kotlin.parsing.KotlinExpressionParsing.parseFunctionLiteral(KotlinExpressionParsing.java:1127)
	at org.jetbrains.kotlin.parsing.KotlinExpressionParsing.parseAnnotatedLambda(KotlinExpressionParsing.java:488)
	at org.jetbrains.kotlin.parsing.KotlinExpressionParsing.parseControlStructureBody(KotlinExpressionParsing.java:1473)
	at org.jetbrains.kotlin.parsing.KotlinExpressionParsing.parseIf(KotlinExpressionParsing.java:1578)
	at org.jetbrains.kotlin.parsing.KotlinExpressionParsing.parseAtomicExpression(KotlinExpressionParsing.java:562)
	at org.jetbrains.kotlin.parsing.KotlinExpressionParsing.parsePostfixExpression(KotlinExpressionParsing.java:351)
	at org.jetbrains.kotlin.parsing.KotlinExpressionParsing.parsePrefixExpression(KotlinExpressionParsing.java:278)
	at org.jetbrains.kotlin.parsing.KotlinExpressionParsing.parseBinaryExpression(KotlinExpressionParsing.java:168)
	at org.jetbrains.kotlin.parsing.KotlinExpressionParsing.parseExpression(KotlinExpressionParsing.java:152)
	at org.jetbrains.kotlin.parsing.KotlinExpressionParsing.parseExpression(KotlinExpressionParsing.java:143)
	at org.jetbrains.kotlin.parsing.KotlinExpressionParsing.parseBlockLevelExpression(KotlinExpressionParsing.java:1320)
	at org.jetbrains.kotlin.parsing.KotlinExpressionParsing.parseStatement(KotlinExpressionParsing.java:1294)
	at org.jetbrains.kotlin.parsing.KotlinExpressionParsing.parseStatements(KotlinExpressionParsing.java:1256)
	at org.jetbrains.kotlin.parsing.KotlinExpressionParsing.parseStatements(KotlinExpressionParsing.java:1242)
	at org.jetbrains.kotlin.parsing.KotlinExpressionParsing.parseFunctionLiteral(KotlinExpressionParsing.java:1127)
	at org.jetbrains.kotlin.parsing.KotlinExpressionParsing.parseAnnotatedLambda(KotlinExpressionParsing.java:488)
	at org.jetbrains.kotlin.parsing.KotlinExpressionParsing.parseControlStructureBody(KotlinExpressionParsing.java:1473)
	at org.jetbrains.kotlin.parsing.KotlinExpressionParsing.parseIf(KotlinExpressionParsing.java:1578)
	at org.jetbrains.kotlin.parsing.KotlinExpressionParsing.parseAtomicExpression(KotlinExpressionParsing.java:562)
	at org.jetbrains.kotlin.parsing.KotlinExpressionParsing.parsePostfixExpression(KotlinExpressionParsing.java:351)
	at org.jetbrains.kotlin.parsing.KotlinExpressionParsing.parsePrefixExpression(KotlinExpressionParsing.java:278)
	at org.jetbrains.kotlin.parsing.KotlinExpressionParsing.parseBinaryExpression(KotlinExpressionParsing.java:168)
	at org.jetbrains.kotlin.parsing.KotlinExpressionParsing.parseExpression(KotlinExpressionParsing.java:152)
	at org.jetbrains.kotlin.parsing.KotlinExpressionParsing.parseExpression(KotlinExpressionParsing.java:143)
	at org.jetbrains.kotlin.parsing.KotlinExpressionParsing.parseBlockLevelExpression(KotlinExpressionParsing.java:1320)
	at org.jetbrains.kotlin.parsing.KotlinExpressionParsing.parseStatement(KotlinExpressionParsing.java:1294)
	at org.jetbrains.kotlin.parsing.KotlinExpressionParsing.parseStatements(KotlinExpressionParsing.java:1256)
	at org.jetbrains.kotlin.parsing.KotlinExpressionParsing.parseStatements(KotlinExpressionParsing.java:1242)
	at org.jetbrains.kotlin.parsing.KotlinExpressionParsing.parseFunctionLiteral(KotlinExpressionParsing.java:1127)
	at org.jetbrains.kotlin.parsing.KotlinExpressionParsing.parseAnnotatedLambda(KotlinExpressionParsing.java:488)
	at org.jetbrains.kotlin.parsing.KotlinExpressionParsing.parseControlStructureBody(KotlinExpressionParsing.java:1473)
	at org.jetbrains.kotlin.parsing.KotlinExpressionParsing.parseIf(KotlinExpressionParsing.java:1578)
	at org.jetbrains.kotlin.parsing.KotlinExpressionParsing.parseAtomicExpression(KotlinExpressionParsing.java:562)
	at org.jetbrains.kotlin.parsing.KotlinExpressionParsing.parsePostfixExpression(KotlinExpressionParsing.java:351)
	at org.jetbrains.kotlin.parsing.KotlinExpressionParsing.parsePrefixExpression(KotlinExpressionParsing.java:278)
	at org.jetbrains.kotlin.parsing.KotlinExpressionParsing.parseBinaryExpression(KotlinExpressionParsing.java:168)
	at org.jetbrains.kotlin.parsing.KotlinExpressionParsing.parseExpression(KotlinExpressionParsing.java:152)
	at org.jetbrains.kotlin.parsing.KotlinExpressionParsing.parseExpression(KotlinExpressionParsing.java:143)
	at org.jetbrains.kotlin.parsing.KotlinExpressionParsing.parseBlockLevelExpression(KotlinExpressionParsing.java:1320)
	at org.jetbrains.kotlin.parsing.KotlinExpressionParsing.parseStatement(KotlinExpressionParsing.java:1294)
	at org.jetbrains.kotlin.parsing.KotlinExpressionParsing.parseStatements(KotlinExpressionParsing.java:1256)
	at org.jetbrains.kotlin.parsing.KotlinExpressionParsing.parseStatements(KotlinExpressionParsing.java:1242)
	at org.jetbrains.kotlin.parsing.KotlinExpressionParsing.parseFunctionLiteral(KotlinExpressionParsing.java:1127)
	at org.jetbrains.kotlin.parsing.KotlinExpressionParsing.parseAnnotatedLambda(KotlinExpressionParsing.java:488)
	at org.jetbrains.kotlin.parsing.KotlinExpressionParsing.parseControlStructureBody(KotlinExpressionParsing.java:1473)
	at org.jetbrains.kotlin.parsing.KotlinExpressionParsing.parseIf(KotlinExpressionParsing.java:1578)
	at org.jetbrains.kotlin.parsing.KotlinExpressionParsing.parseAtomicExpression(KotlinExpressionParsing.java:562)
	at org.jetbrains.kotlin.parsing.KotlinExpressionParsing.parsePostfixExpression(KotlinExpressionParsing.java:351)
	at org.jetbrains.kotlin.parsing.KotlinExpressionParsing.parsePrefixExpression(KotlinExpressionParsing.java:278)
	at org.jetbrains.kotlin.parsing.KotlinExpressionParsing.parseBinaryExpression(KotlinExpressionParsing.java:168)
	at org.jetbrains.kotlin.parsing.KotlinExpressionParsing.parseExpression(KotlinExpressionParsing.java:152)
	at org.jetbrains.kotlin.parsing.KotlinExpressionParsing.parseExpression(KotlinExpressionParsing.java:143)
	at org.jetbrains.kotlin.parsing.KotlinExpressionParsing.parseBlockLevelExpression(KotlinExpressionParsing.java:1320)
	at org.jetbrains.kotlin.parsing.KotlinExpressionParsing.parseStatement(KotlinExpressionParsing.java:1294)
	at org.jetbrains.kotlin.parsing.KotlinExpressionParsing.parseStatements(KotlinExpressionParsing.java:1256)
	at org.jetbrains.kotlin.parsing.KotlinExpressionParsing.parseStatements(KotlinExpressionParsing.java:1242)
	at org.jetbrains.kotlin.parsing.KotlinExpressionParsing.parseFunctionLiteral(KotlinExpressionParsing.java:1127)
	at org.jetbrains.kotlin.parsing.KotlinExpressionParsing.parseAnnotatedLambda(KotlinExpressionParsing.java:488)
	at org.jetbrains.kotlin.parsing.KotlinExpressionParsing.parseControlStructureBody(KotlinExpressionParsing.java:1473)
	at org.jetbrains.kotlin.parsing.KotlinExpressionParsing.parseIf(KotlinExpressionParsing.java:1578)
	at org.jetbrains.kotlin.parsing.KotlinExpressionParsing.parseAtomicExpression(KotlinExpressionParsing.java:562)
	at org.jetbrains.kotlin.parsing.KotlinExpressionParsing.parsePostfixExpression(KotlinExpressionParsing.java:351)
	at org.jetbrains.kotlin.parsing.KotlinExpressionParsing.parsePrefixExpression(KotlinExpressionParsing.java:278)
	at org.jetbrains.kotlin.parsing.KotlinExpressionParsing.parseBinaryExpression(KotlinExpressionParsing.java:168)
	at org.jetbrains.kotlin.parsing.KotlinExpressionParsing.parseExpression(KotlinExpressionParsing.java:152)
	at org.jetbrains.kotlin.parsing.KotlinExpressionParsing.parseExpression(KotlinExpressionParsing.java:143)
	at org.jetbrains.kotlin.parsing.KotlinExpressionParsing.parseBlockLevelExpression(KotlinExpressionParsing.java:1320)
	at org.jetbrains.kotlin.parsing.KotlinExpressionParsing.parseStatement(KotlinExpressionParsing.java:1294)
	at org.jetbrains.kotlin.parsing.KotlinExpressionParsing.parseStatements(KotlinExpressionParsing.java:1256)
	at org.jetbrains.kotlin.parsing.KotlinExpressionParsing.parseStatements(KotlinExpressionParsing.java:1242)
	at org.jetbrains.kotlin.parsing.KotlinExpressionParsing.parseFunctionLiteral(KotlinExpressionParsing.java:1127)
	at org.jetbrains.kotlin.parsing.KotlinExpressionParsing.parseAnnotatedLambda(KotlinExpressionParsing.java:488)
	at org.jetbrains.kotlin.parsing.KotlinExpressionParsing.parseControlStructureBody(KotlinExpressionParsing.java:1473)
	at org.jetbrains.kotlin.parsing.KotlinExpressionParsing.parseIf(KotlinExpressionParsing.java:1578)
	at org.jetbrains.kotlin.parsing.KotlinExpressionParsing.parseAtomicExpression(KotlinExpressionParsing.java:562)
	at org.jetbrains.kotlin.parsing.KotlinExpressionParsing.parsePostfixExpression(KotlinExpressionParsing.java:351)
	at org.jetbrains.kotlin.parsing.KotlinExpressionParsing.parsePrefixExpression(KotlinExpressionParsing.java:278)
	at org.jetbrains.kotlin.parsing.KotlinExpressionParsing.parseBinaryExpression(KotlinExpressionParsing.java:168)
	at org.jetbrains.kotlin.parsing.KotlinExpressionParsing.parseExpression(KotlinExpressionParsing.java:152)
	at org.jetbrains.kotlin.parsing.KotlinExpressionParsing.parseExpression(KotlinExpressionParsing.java:143)
	at org.jetbrains.kotlin.parsing.KotlinExpressionParsing.parseBlockLevelExpression(KotlinExpressionParsing.java:1320)
	at org.jetbrains.kotlin.parsing.KotlinExpressionParsing.parseStatement(KotlinExpressionParsing.java:1294)
	at org.jetbrains.kotlin.parsing.KotlinExpressionParsing.parseStatements(KotlinExpressionParsing.java:1256)
	at org.jetbrains.kotlin.parsing.KotlinExpressionParsing.parseStatements(KotlinExpressionParsing.java:1242)
	at org.jetbrains.kotlin.parsing.KotlinExpressionParsing.parseFunctionLiteral(KotlinExpressionParsing.java:1127)
	at org.jetbrains.kotlin.parsing.KotlinExpressionParsing.parseAnnotatedLambda(KotlinExpressionParsing.java:488)
	at org.jetbrains.kotlin.parsing.KotlinExpressionParsing.parseControlStructureBody(KotlinExpressionParsing.java:1473)
	at org.jetbrains.kotlin.parsing.KotlinExpressionParsing.parseIf(KotlinExpressionParsing.java:1578)
	at org.jetbrains.kotlin.parsing.KotlinExpressionParsing.parseAtomicExpression(KotlinExpressionParsing.java:562)
	at org.jetbrains.kotlin.parsing.KotlinExpressionParsing.parsePostfixExpression(KotlinExpressionParsing.java:351)
	at org.jetbrains.kotlin.parsing.KotlinExpressionParsing.parsePrefixExpression(KotlinExpressionParsing.java:278)
	at org.jetbrains.kotlin.parsing.KotlinExpressionParsing.parseBinaryExpression(KotlinExpressionParsing.java:168)
	at org.jetbrains.kotlin.parsing.KotlinExpressionParsing.parseExpression(KotlinExpressionParsing.java:152)
	at org.jetbrains.kotlin.parsing.KotlinExpressionParsing.parseExpression(KotlinExpressionParsing.java:143)
	at org.jetbrains.kotlin.parsing.KotlinExpressionParsing.parseBlockLevelExpression(KotlinExpressionParsing.java:1320)
	at org.jetbrains.kotlin.parsing.KotlinExpressionParsing.parseStatement(KotlinExpressionParsing.java:1294)
	at org.jetbrains.kotlin.parsing.KotlinExpressionParsing.parseStatements(KotlinExpressionParsing.java:1256)
	at org.jetbrains.kotlin.parsing.KotlinExpressionParsing.parseStatements(KotlinExpressionParsing.java:1242)
	at org.jetbrains.kotlin.parsing.KotlinExpressionParsing.parseFunctionLiteral(KotlinExpressionParsing.java:1127)
	at org.jetbrains.kotlin.parsing.KotlinExpressionParsing.parseAnnotatedLambda(KotlinExpressionParsing.java:488)
	at org.jetbrains.kotlin.parsing.KotlinExpressionParsing.parseControlStructureBody(KotlinExpressionParsing.java:1473)
	at org.jetbrains.kotlin.parsing.KotlinExpressionParsing.parseIf(KotlinExpressionParsing.java:1578)
	at org.jetbrains.kotlin.parsing.KotlinExpressionParsing.parseAtomicExpression(KotlinExpressionParsing.java:562)
	at org.jetbrains.kotlin.parsing.KotlinExpressionParsing.parseSelectorCallExpression(KotlinExpressionParsing.java:432)
	at org.jetbrains.kotlin.parsing.KotlinExpressionParsing.parsePostfixExpression(KotlinExpressionParsing.java:375)
	at org.jetbrains.kotlin.parsing.KotlinExpressionParsing.parsePrefixExpression(KotlinExpressionParsing.java:278)
	at org.jetbrains.kotlin.parsing.KotlinExpressionParsing.parseBinaryExpression(KotlinExpressionParsing.java:168)
	at org.jetbrains.kotlin.parsing.KotlinExpressionParsing.parseExpression(KotlinExpressionParsing.java:152)
	at org.jetbrains.kotlin.parsing.KotlinExpressionParsing.parseExpression(KotlinExpressionParsing.java:143)
	at org.jetbrains.kotlin.parsing.KotlinExpressionParsing.parseBlockLevelExpression(KotlinExpressionParsing.java:1320)
	at org.jetbrains.kotlin.parsing.KotlinExpressionParsing.parseStatement(KotlinExpressionParsing.java:1294)
	at org.jetbrains.kotlin.parsing.KotlinExpressionParsing.parseStatements(KotlinExpressionParsing.java:1256)
	at org.jetbrains.kotlin.parsing.KotlinExpressionParsing.parseStatements(KotlinExpressionParsing.java:1242)
	at org.jetbrains.kotlin.parsing.KotlinExpressionParsing.parseFunctionLiteral(KotlinExpressionParsing.java:1127)
	at org.jetbrains.kotlin.parsing.KotlinExpressionParsing.parseAnnotatedLambda(KotlinExpressionParsing.java:488)
	at org.jetbrains.kotlin.parsing.KotlinExpressionParsing.parseControlStructureBody(KotlinExpressionParsing.java:1473)
	at org.jetbrains.kotlin.parsing.KotlinExpressionParsing.parseIf(KotlinExpressionParsing.java:1578)
	at org.jetbrains.kotlin.parsing.KotlinExpressionParsing.parseAtomicExpression(KotlinExpressionParsing.java:562)
	at org.jetbrains.kotlin.parsing.KotlinExpressionParsing.parsePostfixExpression(KotlinExpressionParsing.java:351)
	at org.jetbrains.kotlin.parsing.KotlinExpressionParsing.parsePrefixExpression(KotlinExpressionParsing.java:278)
	at org.jetbrains.kotlin.parsing.KotlinExpressionParsing.parseBinaryExpression(KotlinExpressionParsing.java:168)
	at org.jetbrains.kotlin.parsing.KotlinExpressionParsing.parseExpression(KotlinExpressionParsing.java:152)
	at org.jetbrains.kotlin.parsing.KotlinExpressionParsing.parseExpression(KotlinExpressionParsing.java:143)
	at org.jetbrains.kotlin.parsing.KotlinExpressionParsing.parseBlockLevelExpression(KotlinExpressionParsing.java:1320)
	at org.jetbrains.kotlin.parsing.KotlinExpressionParsing.parseStatement(KotlinExpressionParsing.java:1294)
	at org.jetbrains.kotlin.parsing.KotlinExpressionParsing.parseStatements(KotlinExpressionParsing.java:1256)
	at org.jetbrains.kotlin.parsing.KotlinExpressionParsing.parseStatements(KotlinExpressionParsing.java:1242)
	at org.jetbrains.kotlin.parsing.KotlinExpressionParsing.parseFunctionLiteral(KotlinExpressionParsing.java:1127)
	at org.jetbrains.kotlin.parsing.KotlinExpressionParsing.parseAnnotatedLambda(KotlinExpressionParsing.java:488)
	at org.jetbrains.kotlin.parsing.KotlinExpressionParsing.parseControlStructureBody(KotlinExpressionParsing.java:1473)
	at org.jetbrains.kotlin.parsing.KotlinExpressionParsing.parseIf(KotlinExpressionParsing.java:1578)
	at org.jetbrains.kotlin.parsing.KotlinExpressionParsing.parseAtomicExpression(KotlinExpressionParsing.java:562)
	at org.jetbrains.kotlin.parsing.KotlinExpressionParsing.parsePostfixExpression(KotlinExpressionParsing.java:351)
	at org.jetbrains.kotlin.parsing.KotlinExpressionParsing.parsePrefixExpression(KotlinExpressionParsing.java:278)
	at org.jetbrains.kotlin.parsing.KotlinExpressionParsing.parseBinaryExpression(KotlinExpressionParsing.java:168)
	at org.jetbrains.kotlin.parsing.KotlinExpressionParsing.parseExpression(KotlinExpressionParsing.java:152)
	at org.jetbrains.kotlin.parsing.KotlinExpressionParsing.parseExpression(KotlinExpressionParsing.java:143)
	at org.jetbrains.kotlin.parsing.KotlinExpressionParsing.parseBlockLevelExpression(KotlinExpressionParsing.java:1320)
	at org.jetbrains.kotlin.parsing.KotlinExpressionParsing.parseStatement(KotlinExpressionParsing.java:1294)
	at org.jetbrains.kotlin.parsing.KotlinExpressionParsing.parseStatements(KotlinExpressionParsing.java:1256)
	at org.jetbrains.kotlin.parsing.KotlinExpressionParsing.parseStatements(KotlinExpressionParsing.java:1242)
	at org.jetbrains.kotlin.parsing.KotlinExpressionParsing.parseFunctionLiteral(KotlinExpressionParsing.java:1127)
	at org.jetbrains.kotlin.parsing.KotlinExpressionParsing.parseAnnotatedLambda(KotlinExpressionParsing.java:488)
	at org.jetbrains.kotlin.parsing.KotlinExpressionParsing.parseControlStructureBody(KotlinExpressionParsing.java:1473)
	at org.jetbrains.kotlin.parsing.KotlinExpressionParsing.parseIf(KotlinExpressionParsing.java:1578)
	at org.jetbrains.kotlin.parsing.KotlinExpressionParsing.parseAtomicExpression(KotlinExpressionParsing.java:562)
	at org.jetbrains.kotlin.parsing.KotlinExpressionParsing.parsePostfixExpression(KotlinExpressionParsing.java:351)
	at org.jetbrains.kotlin.parsing.KotlinExpressionParsing.parsePrefixExpression(KotlinExpressionParsing.java:278)
	at org.jetbrains.kotlin.parsing.KotlinExpressionParsing.parseBinaryExpression(KotlinExpressionParsing.java:168)
	at org.jetbrains.kotlin.parsing.KotlinExpressionParsing.parseExpression(KotlinExpressionParsing.java:152)
	at org.jetbrains.kotlin.parsing.KotlinExpressionParsing.parseExpression(KotlinExpressionParsing.java:143)
	at org.jetbrains.kotlin.parsing.KotlinExpressionParsing.parseBlockLevelExpression(KotlinExpressionParsing.java:1320)
	at org.jetbrains.kotlin.parsing.KotlinExpressionParsing.parseStatement(KotlinExpressionParsing.java:1294)
	at org.jetbrains.kotlin.parsing.KotlinExpressionParsing.parseStatements(KotlinExpressionParsing.java:1256)
	at org.jetbrains.kotlin.parsing.KotlinExpressionParsing.parseStatements(KotlinExpressionParsing.java:1242)
	at org.jetbrains.kotlin.parsing.KotlinExpressionParsing.parseFunctionLiteral(KotlinExpressionParsing.java:1127)
	at org.jetbrains.kotlin.parsing.KotlinExpressionParsing.parseAnnotatedLambda(KotlinExpressionParsing.java:488)
	at org.jetbrains.kotlin.parsing.KotlinExpressionParsing.parseControlStructureBody(KotlinExpressionParsing.java:1473)
	at org.jetbrains.kotlin.parsing.KotlinExpressionParsing.parseIf(KotlinExpressionParsing.java:1578)
	at org.jetbrains.kotlin.parsing.KotlinExpressionParsing.parseAtomicExpression(KotlinExpressionParsing.java:562)
	at org.jetbrains.kotlin.parsing.KotlinExpressionParsing.parsePostfixExpression(KotlinExpressionParsing.java:351)
	at org.jetbrains.kotlin.parsing.KotlinExpressionParsing.parsePrefixExpression(KotlinExpressionParsing.java:278)
	at org.jetbrains.kotlin.parsing.KotlinExpressionParsing.parseBinaryExpression(KotlinExpressionParsing.java:168)
	at org.jetbrains.kotlin.parsing.KotlinExpressionParsing.parseExpression(KotlinExpressionParsing.java:152)
	at org.jetbrains.kotlin.parsing.KotlinExpressionParsing.parseExpression(KotlinExpressionParsing.java:143)
	at org.jetbrains.kotlin.parsing.KotlinExpressionParsing.parseBlockLevelExpression(KotlinExpressionParsing.java:1320)
	at org.jetbrains.kotlin.parsing.KotlinExpressionParsing.parseStatement(KotlinExpressionParsing.java:1294)
	at org.jetbrains.kotlin.parsing.KotlinExpressionParsing.parseStatements(KotlinExpressionParsing.java:1256)
	at org.jetbrains.kotlin.parsing.KotlinExpressionParsing.parseStatements(KotlinExpressionParsing.java:1242)
	at org.jetbrains.kotlin.parsing.KotlinExpressionParsing.parseFunctionLiteral(KotlinExpressionParsing.java:1127)
	at org.jetbrains.kotlin.parsing.KotlinExpressionParsing.parseAnnotatedLambda(KotlinExpressionParsing.java:488)
	at org.jetbrains.kotlin.parsing.KotlinExpressionParsing.parseControlStructureBody(KotlinExpressionParsing.java:1473)
	at org.jetbrains.kotlin.parsing.KotlinExpressionParsing.parseIf(KotlinExpressionParsing.java:1578)
	at org.jetbrains.kotlin.parsing.KotlinExpressionParsing.parseAtomicExpression(KotlinExpressionParsing.java:562)
	at org.jetbrains.kotlin.parsing.KotlinExpressionParsing.parsePostfixExpression(KotlinExpressionParsing.java:351)
	at org.jetbrains.kotlin.parsing.KotlinExpressionParsing.parsePrefixExpression(KotlinExpressionParsing.java:278)
	at org.jetbrains.kotlin.parsing.KotlinExpressionParsing.parseBinaryExpression(KotlinExpressionParsing.java:168)
	at org.jetbrains.kotlin.parsing.KotlinExpressionParsing.parseExpression(KotlinExpressionParsing.java:152)
	at org.jetbrains.kotlin.parsing.KotlinExpressionParsing.parseExpression(KotlinExpressionParsing.java:143)
	at org.jetbrains.kotlin.parsing.KotlinExpressionParsing.parseBlockLevelExpression(KotlinExpressionParsing.java:1320)
	at org.jetbrains.kotlin.parsing.KotlinExpressionParsing.parseStatement(KotlinExpressionParsing.java:1294)
	at org.jetbrains.kotlin.parsing.KotlinExpressionParsing.parseStatements(KotlinExpressionParsing.java:1256)
	at org.jetbrains.kotlin.parsing.KotlinExpressionParsing.parseStatements(KotlinExpressionParsing.java:1242)
	at org.jetbrains.kotlin.parsing.KotlinExpressionParsing.parseFunctionLiteral(KotlinExpressionParsing.java:1127)
	at org.jetbrains.kotlin.parsing.KotlinExpressionParsing.parseAnnotatedLambda(KotlinExpressionParsing.java:488)
	at org.jetbrains.kotlin.parsing.KotlinExpressionParsing.parseControlStructureBody(KotlinExpressionParsing.java:1473)
	at org.jetbrains.kotlin.parsing.KotlinExpressionParsing.parseIf(KotlinExpressionParsing.java:1578)
	at org.jetbrains.kotlin.parsing.KotlinExpressionParsing.parseAtomicExpression(KotlinExpressionParsing.java:562)
	at org.jetbrains.kotlin.parsing.KotlinExpressionParsing.parsePostfixExpression(KotlinExpressionParsing.java:351)
	at org.jetbrains.kotlin.parsing.KotlinExpressionParsing.parsePrefixExpression(KotlinExpressionParsing.java:278)
	at org.jetbrains.kotlin.parsing.KotlinExpressionParsing.parseBinaryExpression(KotlinExpressionParsing.java:168)
	at org.jetbrains.kotlin.parsing.KotlinExpressionParsing.parseExpression(KotlinExpressionParsing.java:152)
	at org.jetbrains.kotlin.parsing.KotlinExpressionParsing.parseExpression(KotlinExpressionParsing.java:143)
	at org.jetbrains.kotlin.parsing.KotlinExpressionParsing.parseBlockLevelExpression(KotlinExpressionParsing.java:1320)
	at org.jetbrains.kotlin.parsing.KotlinExpressionParsing.parseStatement(KotlinExpressionParsing.java:1294)
	at org.jetbrains.kotlin.parsing.KotlinExpressionParsing.parseStatements(KotlinExpressionParsing.java:1256)
	at org.jetbrains.kotlin.parsing.KotlinExpressionParsing.parseStatements(KotlinExpressionParsing.java:1242)
	at org.jetbrains.kotlin.parsing.KotlinExpressionParsing.parseFunctionLiteral(KotlinExpressionParsing.java:1127)
	at org.jetbrains.kotlin.parsing.KotlinExpressionParsing.parseAnnotatedLambda(KotlinExpressionParsing.java:488)
	at org.jetbrains.kotlin.parsing.KotlinExpressionParsing.parseControlStructureBody(KotlinExpressionParsing.java:1473)
	at org.jetbrains.kotlin.parsing.KotlinExpressionParsing.parseIf(KotlinExpressionParsing.java:1578)
	at org.jetbrains.kotlin.parsing.KotlinExpressionParsing.parseAtomicExpression(KotlinExpressionParsing.java:562)
	at org.jetbrains.kotlin.parsing.KotlinExpressionParsing.parsePostfixExpression(KotlinExpressionParsing.java:351)
	at org.jetbrains.kotlin.parsing.KotlinExpressionParsing.parsePrefixExpression(KotlinExpressionParsing.java:278)
	at org.jetbrains.kotlin.parsing.KotlinExpressionParsing.parseBinaryExpression(KotlinExpressionParsing.java:168)
	at org.jetbrains.kotlin.parsing.KotlinExpressionParsing.parseExpression(KotlinExpressionParsing.java:152)
	at org.jetbrains.kotlin.parsing.KotlinExpressionParsing.parseExpression(KotlinExpressionParsing.java:143)
	at org.jetbrains.kotlin.parsing.KotlinExpressionParsing.parseBlockLevelExpression(KotlinExpressionParsing.java:1320)
	at org.jetbrains.kotlin.parsing.KotlinExpressionParsing.parseStatement(KotlinExpressionParsing.java:1294)
	at org.jetbrains.kotlin.parsing.KotlinExpressionParsing.parseStatements(KotlinExpressionParsing.java:1256)
	at org.jetbrains.kotlin.parsing.KotlinExpressionParsing.parseStatements(KotlinExpressionParsing.java:1242)
	at org.jetbrains.kotlin.parsing.KotlinExpressionParsing.parseFunctionLiteral(KotlinExpressionParsing.java:1127)
	at org.jetbrains.kotlin.parsing.KotlinExpressionParsing.parseAnnotatedLambda(KotlinExpressionParsing.java:488)
	at org.jetbrains.kotlin.parsing.KotlinExpressionParsing.parseControlStructureBody(KotlinExpressionParsing.java:1473)
	at org.jetbrains.kotlin.parsing.KotlinExpressionParsing.parseIf(KotlinExpressionParsing.java:1578)
	at org.jetbrains.kotlin.parsing.KotlinExpressionParsing.parseAtomicExpression(KotlinExpressionParsing.java:562)
	at org.jetbrains.kotlin.parsing.KotlinExpressionParsing.parsePostfixExpression(KotlinExpressionParsing.java:351)
	at org.jetbrains.kotlin.parsing.KotlinExpressionParsing.parsePrefixExpression(KotlinExpressionParsing.java:278)
	at org.jetbrains.kotlin.parsing.KotlinExpressionParsing.parseBinaryExpression(KotlinExpressionParsing.java:168)
	at org.jetbrains.kotlin.parsing.KotlinExpressionParsing.parseExpression(KotlinExpressionParsing.java:152)
	at org.jetbrains.kotlin.parsing.KotlinExpressionParsing.parseExpression(KotlinExpressionParsing.java:143)
	at org.jetbrains.kotlin.parsing.KotlinExpressionParsing.parseBlockLevelExpression(KotlinExpressionParsing.java:1320)
	at org.jetbrains.kotlin.parsing.KotlinExpressionParsing.parseStatement(KotlinExpressionParsing.java:1294)
	at org.jetbrains.kotlin.parsing.KotlinExpressionParsing.parseStatements(KotlinExpressionParsing.java:1256)
	at org.jetbrains.kotlin.parsing.KotlinExpressionParsing.parseStatements(KotlinExpressionParsing.java:1242)
	at org.jetbrains.kotlin.parsing.KotlinExpressionParsing.parseFunctionLiteral(KotlinExpressionParsing.java:1127)
	at org.jetbrains.kotlin.parsing.KotlinExpressionParsing.parseAnnotatedLambda(KotlinExpressionParsing.java:488)
	at org.jetbrains.kotlin.parsing.KotlinExpressionParsing.parseControlStructureBody(KotlinExpressionParsing.java:1473)
	at org.jetbrains.kotlin.parsing.KotlinExpressionParsing.parseIf(KotlinExpressionParsing.java:1578)
	at org.jetbrains.kotlin.parsing.KotlinExpressionParsing.parseAtomicExpression(KotlinExpressionParsing.java:562)
	at org.jetbrains.kotlin.parsing.KotlinExpressionParsing.parseSelectorCallExpression(KotlinExpressionParsing.java:432)
	at org.jetbrains.kotlin.parsing.KotlinExpressionParsing.parsePostfixExpression(KotlinExpressionParsing.java:375)
	at org.jetbrains.kotlin.parsing.KotlinExpressionParsing.parsePrefixExpression(KotlinExpressionParsing.java:278)
	at org.jetbrains.kotlin.parsing.KotlinExpressionParsing.parseBinaryExpression(KotlinExpressionParsing.java:168)
	at org.jetbrains.kotlin.parsing.KotlinExpressionParsing.parseExpression(KotlinExpressionParsing.java:152)
	at org.jetbrains.kotlin.parsing.KotlinExpressionParsing.parseExpression(KotlinExpressionParsing.java:143)
	at org.jetbrains.kotlin.parsing.KotlinExpressionParsing.parseBlockLevelExpression(KotlinExpressionParsing.java:1320)
	at org.jetbrains.kotlin.parsing.KotlinExpressionParsing.parseStatement(KotlinExpressionParsing.java:1294)
	at org.jetbrains.kotlin.parsing.KotlinExpressionParsing.parseStatements(KotlinExpressionParsing.java:1256)
	at org.jetbrains.kotlin.parsing.KotlinExpressionParsing.parseStatements(KotlinExpressionParsing.java:1242)
	at org.jetbrains.kotlin.parsing.KotlinExpressionParsing.parseFunctionLiteral(KotlinExpressionParsing.java:1127)
	at org.jetbrains.kotlin.parsing.KotlinExpressionParsing.parseAnnotatedLambda(KotlinExpressionParsing.java:488)
	at org.jetbrains.kotlin.parsing.KotlinExpressionParsing.parseControlStructureBody(KotlinExpressionParsing.java:1473)
	at org.jetbrains.kotlin.parsing.KotlinExpressionParsing.parseIf(KotlinExpressionParsing.java:1578)
	at org.jetbrains.kotlin.parsing.KotlinExpressionParsing.parseAtomicExpression(KotlinExpressionParsing.java:562)
	at org.jetbrains.kotlin.parsing.KotlinExpressionParsing.parsePostfixExpression(KotlinExpressionParsing.java:351)
	at org.jetbrains.kotlin.parsing.KotlinExpressionParsing.parsePrefixExpression(KotlinExpressionParsing.java:278)
	at org.jetbrains.kotlin.parsing.KotlinExpressionParsing.parseBinaryExpression(KotlinExpressionParsing.java:168)
	at org.jetbrains.kotlin.parsing.KotlinExpressionParsing.parseExpression(KotlinExpressionParsing.java:152)
	at org.jetbrains.kotlin.parsing.KotlinExpressionParsing.parseExpression(KotlinExpressionParsing.java:143)
	at org.jetbrains.kotlin.parsing.KotlinExpressionParsing.parseBlockLevelExpression(KotlinExpressionParsing.java:1320)
	at org.jetbrains.kotlin.parsing.KotlinExpressionParsing.parseStatement(KotlinExpressionParsing.java:1294)
	at org.jetbrains.kotlin.parsing.KotlinExpressionParsing.parseStatements(KotlinExpressionParsing.java:1256)
	at org.jetbrains.kotlin.parsing.KotlinExpressionParsing.parseStatements(KotlinExpressionParsing.java:1242)
	at org.jetbrains.kotlin.parsing.KotlinExpressionParsing.parseFunctionLiteral(KotlinExpressionParsing.java:1127)
	at org.jetbrains.kotlin.parsing.KotlinExpressionParsing.parseAnnotatedLambda(KotlinExpressionParsing.java:488)
	at org.jetbrains.kotlin.parsing.KotlinExpressionParsing.parseControlStructureBody(KotlinExpressionParsing.java:1473)
	at org.jetbrains.kotlin.parsing.KotlinExpressionParsing.parseIf(KotlinExpressionParsing.java:1578)
	at org.jetbrains.kotlin.parsing.KotlinExpressionParsing.parseAtomicExpression(KotlinExpressionParsing.java:562)
	at org.jetbrains.kotlin.parsing.KotlinExpressionParsing.parsePostfixExpression(KotlinExpressionParsing.java:351)
	at org.jetbrains.kotlin.parsing.KotlinExpressionParsing.parsePrefixExpression(KotlinExpressionParsing.java:278)
	at org.jetbrains.kotlin.parsing.KotlinExpressionParsing.parseBinaryExpression(KotlinExpressionParsing.java:168)
	at org.jetbrains.kotlin.parsing.KotlinExpressionParsing.parseExpression(KotlinExpressionParsing.java:152)
	at org.jetbrains.kotlin.parsing.KotlinExpressionParsing.parseExpression(KotlinExpressionParsing.java:143)
	at org.jetbrains.kotlin.parsing.KotlinExpressionParsing.parseBlockLevelExpression(KotlinExpressionParsing.java:1320)
	at org.jetbrains.kotlin.parsing.KotlinExpressionParsing.parseStatement(KotlinExpressionParsing.java:1294)
	at org.jetbrains.kotlin.parsing.KotlinExpressionParsing.parseStatements(KotlinExpressionParsing.java:1256)
	at org.jetbrains.kotlin.parsing.KotlinExpressionParsing.parseStatements(KotlinExpressionParsing.java:1242)
	at org.jetbrains.kotlin.parsing.KotlinExpressionParsing.parseFunctionLiteral(KotlinExpressionParsing.java:1127)
	at org.jetbrains.kotlin.parsing.KotlinExpressionParsing.parseAnnotatedLambda(KotlinExpressionParsing.java:488)
	at org.jetbrains.kotlin.parsing.KotlinExpressionParsing.parseControlStructureBody(KotlinExpressionParsing.java:1473)
	at org.jetbrains.kotlin.parsing.KotlinExpressionParsing.parseIf(KotlinExpressionParsing.java:1578)
	at org.jetbrains.kotlin.parsing.KotlinExpressionParsing.parseAtomicExpression(KotlinExpressionParsing.java:562)
	at org.jetbrains.kotlin.parsing.KotlinExpressionParsing.parsePostfixExpression(KotlinExpressionParsing.java:351)
	at org.jetbrains.kotlin.parsing.KotlinExpressionParsing.parsePrefixExpression(KotlinExpressionParsing.java:278)
	at org.jetbrains.kotlin.parsing.KotlinExpressionParsing.parseBinaryExpression(KotlinExpressionParsing.java:168)
	at org.jetbrains.kotlin.parsing.KotlinExpressionParsing.parseExpression(KotlinExpressionParsing.java:152)
	at org.jetbrains.kotlin.parsing.KotlinExpressionParsing.parseExpression(KotlinExpressionParsing.java:143)
	at org.jetbrains.kotlin.parsing.KotlinExpressionParsing.parseBlockLevelExpression(KotlinExpressionParsing.java:1320)
	at org.jetbrains.kotlin.parsing.KotlinExpressionParsing.parseStatement(KotlinExpressionParsing.java:1294)
	at org.jetbrains.kotlin.parsing.KotlinExpressionParsing.parseStatements(KotlinExpressionParsing.java:1256)
	at org.jetbrains.kotlin.parsing.KotlinExpressionParsing.parseStatements(KotlinExpressionParsing.java:1242)
	at org.jetbrains.kotlin.parsing.KotlinExpressionParsing.parseFunctionLiteral(KotlinExpressionParsing.java:1127)
	at org.jetbrains.kotlin.parsing.KotlinExpressionParsing.parseAnnotatedLambda(KotlinExpressionParsing.java:488)
	at org.jetbrains.kotlin.parsing.KotlinExpressionParsing.parseControlStructureBody(KotlinExpressionParsing.java:1473)
	at org.jetbrains.kotlin.parsing.KotlinExpressionParsing.parseIf(KotlinExpressionParsing.java:1578)
	at org.jetbrains.kotlin.parsing.KotlinExpressionParsing.parseAtomicExpression(KotlinExpressionParsing.java:562)
	at org.jetbrains.kotlin.parsing.KotlinExpressionParsing.parsePostfixExpression(KotlinExpressionParsing.java:351)
	at org.jetbrains.kotlin.parsing.KotlinExpressionParsing.parsePrefixExpression(KotlinExpressionParsing.java:278)
	at org.jetbrains.kotlin.parsing.KotlinExpressionParsing.parseBinaryExpression(KotlinExpressionParsing.java:168)
	at org.jetbrains.kotlin.parsing.KotlinExpressionParsing.parseExpression(KotlinExpressionParsing.java:152)
	at org.jetbrains.kotlin.parsing.KotlinExpressionParsing.parseExpression(KotlinExpressionParsing.java:143)
	at org.jetbrains.kotlin.parsing.KotlinExpressionParsing.parseBlockLevelExpression(KotlinExpressionParsing.java:1320)
	at org.jetbrains.kotlin.parsing.KotlinExpressionParsing.parseStatement(KotlinExpressionParsing.java:1294)
	at org.jetbrains.kotlin.parsing.KotlinExpressionParsing.parseStatements(KotlinExpressionParsing.java:1256)
	at org.jetbrains.kotlin.parsing.KotlinExpressionParsing.parseStatements(KotlinExpressionParsing.java:1242)
	at org.jetbrains.kotlin.parsing.KotlinExpressionParsing.parseFunctionLiteral(KotlinExpressionParsing.java:1127)
	at org.jetbrains.kotlin.parsing.KotlinExpressionParsing.parseAnnotatedLambda(KotlinExpressionParsing.java:488)
	at org.jetbrains.kotlin.parsing.KotlinExpressionParsing.parseControlStructureBody(KotlinExpressionParsing.java:1473)
	at org.jetbrains.kotlin.parsing.KotlinExpressionParsing.parseIf(KotlinExpressionParsing.java:1578)
	at org.jetbrains.kotlin.parsing.KotlinExpressionParsing.parseAtomicExpression(KotlinExpressionParsing.java:562)
	at org.jetbrains.kotlin.parsing.KotlinExpressionParsing.parsePostfixExpression(KotlinExpressionParsing.java:351)
	at org.jetbrains.kotlin.parsing.KotlinExpressionParsing.parsePrefixExpression(KotlinExpressionParsing.java:278)
	at org.jetbrains.kotlin.parsing.KotlinExpressionParsing.parseBinaryExpression(KotlinExpressionParsing.java:168)
	at org.jetbrains.kotlin.parsing.KotlinExpressionParsing.parseExpression(KotlinExpressionParsing.java:152)
	at org.jetbrains.kotlin.parsing.KotlinExpressionParsing.parseExpression(KotlinExpressionParsing.java:143)
	at org.jetbrains.kotlin.parsing.KotlinExpressionParsing.parseBlockLevelExpression(KotlinExpressionParsing.java:1320)
	at org.jetbrains.kotlin.parsing.KotlinExpressionParsing.parseStatement(KotlinExpressionParsing.java:1294)
	at org.jetbrains.kotlin.parsing.KotlinExpressionParsing.parseStatements(KotlinExpressionParsing.java:1256)
	at org.jetbrains.kotlin.parsing.KotlinExpressionParsing.parseStatements(KotlinExpressionParsing.java:1242)
	at org.jetbrains.kotlin.parsing.KotlinExpressionParsing.parseFunctionLiteral(KotlinExpressionParsing.java:1127)
	at org.jetbrains.kotlin.parsing.KotlinExpressionParsing.parseAnnotatedLambda(KotlinExpressionParsing.java:488)
	at org.jetbrains.kotlin.parsing.KotlinExpressionParsing.parseControlStructureBody(KotlinExpressionParsing.java:1473)
	at org.jetbrains.kotlin.parsing.KotlinExpressionParsing.parseIf(KotlinExpressionParsing.java:1578)
	at org.jetbrains.kotlin.parsing.KotlinExpressionParsing.parseAtomicExpression(KotlinExpressionParsing.java:562)
	at org.jetbrains.kotlin.parsing.KotlinExpressionParsing.parsePostfixExpression(KotlinExpressionParsing.java:351)
	at org.jetbrains.kotlin.parsing.KotlinExpressionParsing.parsePrefixExpression(KotlinExpressionParsing.java:278)
	at org.jetbrains.kotlin.parsing.KotlinExpressionParsing.parseBinaryExpression(KotlinExpressionParsing.java:168)
	at org.jetbrains.kotlin.parsing.KotlinExpressionParsing.parseExpression(KotlinExpressionParsing.java:152)
	at org.jetbrains.kotlin.parsing.KotlinExpressionParsing.parseExpression(KotlinExpressionParsing.java:143)
	at org.jetbrains.kotlin.parsing.KotlinExpressionParsing.parseBlockLevelExpression(KotlinExpressionParsing.java:1320)
	at org.jetbrains.kotlin.parsing.KotlinExpressionParsing.parseStatement(KotlinExpressionParsing.java:1294)
	at org.jetbrains.kotlin.parsing.KotlinExpressionParsing.parseStatements(KotlinExpressionParsing.java:1256)
	at org.jetbrains.kotlin.parsing.KotlinExpressionParsing.parseStatements(KotlinExpressionParsing.java:1242)
	at org.jetbrains.kotlin.parsing.KotlinExpressionParsing.parseFunctionLiteral(KotlinExpressionParsing.java:1127)
	at org.jetbrains.kotlin.parsing.KotlinExpressionParsing.parseAnnotatedLambda(KotlinExpressionParsing.java:488)
	at org.jetbrains.kotlin.parsing.KotlinExpressionParsing.parseControlStructureBody(KotlinExpressionParsing.java:1473)
	at org.jetbrains.kotlin.parsing.KotlinExpressionParsing.parseIf(KotlinExpressionParsing.java:1578)
	at org.jetbrains.kotlin.parsing.KotlinExpressionParsing.parseAtomicExpression(KotlinExpressionParsing.java:562)
	at org.jetbrains.kotlin.parsing.KotlinExpressionParsing.parsePostfixExpression(KotlinExpressionParsing.java:351)
	at org.jetbrains.kotlin.parsing.KotlinExpressionParsing.parsePrefixExpression(KotlinExpressionParsing.java:278)
	at org.jetbrains.kotlin.parsing.KotlinExpressionParsing.parseBinaryExpression(KotlinExpressionParsing.java:168)
	at org.jetbrains.kotlin.parsing.KotlinExpressionParsing.parseExpression(KotlinExpressionParsing.java:152)
	at org.jetbrains.kotlin.parsing.KotlinExpressionParsing.parseExpression(KotlinExpressionParsing.java:143)
	at org.jetbrains.kotlin.parsing.KotlinExpressionParsing.parseBlockLevelExpression(KotlinExpressionParsing.java:1320)
	at org.jetbrains.kotlin.parsing.KotlinExpressionParsing.parseStatement(KotlinExpressionParsing.java:1294)
	at org.jetbrains.kotlin.parsing.KotlinExpressionParsing.parseStatements(KotlinExpressionParsing.java:1256)
	at org.jetbrains.kotlin.parsing.KotlinExpressionParsing.parseStatements(KotlinExpressionParsing.java:1242)
	at org.jetbrains.kotlin.parsing.KotlinExpressionParsing.parseFunctionLiteral(KotlinExpressionParsing.java:1127)
	at org.jetbrains.kotlin.parsing.KotlinExpressionParsing.parseAnnotatedLambda(KotlinExpressionParsing.java:488)
	at org.jetbrains.kotlin.parsing.KotlinExpressionParsing.parseControlStructureBody(KotlinExpressionParsing.java:1473)
	at org.jetbrains.kotlin.parsing.KotlinExpressionParsing.parseIf(KotlinExpressionParsing.java:1578)
	at org.jetbrains.kotlin.parsing.KotlinExpressionParsing.parseAtomicExpression(KotlinExpressionParsing.java:562)
	at org.jetbrains.kotlin.parsing.KotlinExpressionParsing.parsePostfixExpression(KotlinExpressionParsing.java:351)
	at org.jetbrains.kotlin.parsing.KotlinExpressionParsing.parsePrefixExpression(KotlinExpressionParsing.java:278)
	at org.jetbrains.kotlin.parsing.KotlinExpressionParsing.parseBinaryExpression(KotlinExpressionParsing.java:168)
	at org.jetbrains.kotlin.parsing.KotlinExpressionParsing.parseExpression(KotlinExpressionParsing.java:152)
	at org.jetbrains.kotlin.parsing.KotlinExpressionParsing.parseExpression(KotlinExpressionParsing.java:143)
	at org.jetbrains.kotlin.parsing.KotlinExpressionParsing.parseBlockLevelExpression(KotlinExpressionParsing.java:1320)
	at org.jetbrains.kotlin.parsing.KotlinExpressionParsing.parseStatement(KotlinExpressionParsing.java:1294)
	at org.jetbrains.kotlin.parsing.KotlinExpressionParsing.parseStatements(KotlinExpressionParsing.java:1256)
	at org.jetbrains.kotlin.parsing.KotlinExpressionParsing.parseStatements(KotlinExpressionParsing.java:1242)
	at org.jetbrains.kotlin.parsing.KotlinExpressionParsing.parseFunctionLiteral(KotlinExpressionParsing.java:1127)
	at org.jetbrains.kotlin.parsing.KotlinExpressionParsing.parseAnnotatedLambda(KotlinExpressionParsing.java:488)
	at org.jetbrains.kotlin.parsing.KotlinExpressionParsing.parseControlStructureBody(KotlinExpressionParsing.java:1473)
	at org.jetbrains.kotlin.parsing.KotlinExpressionParsing.parseIf(KotlinExpressionParsing.java:1578)
	at org.jetbrains.kotlin.parsing.KotlinExpressionParsing.parseAtomicExpression(KotlinExpressionParsing.java:562)
	at org.jetbrains.kotlin.parsing.KotlinExpressionParsing.parsePostfixExpression(KotlinExpressionParsing.java:351)
	at org.jetbrains.kotlin.parsing.KotlinExpressionParsing.parsePrefixExpression(KotlinExpressionParsing.java:278)
	at org.jetbrains.kotlin.parsing.KotlinExpressionParsing.parseBinaryExpression(KotlinExpressionParsing.java:168)
	at org.jetbrains.kotlin.parsing.KotlinExpressionParsing.parseExpression(KotlinExpressionParsing.java:152)
	at org.jetbrains.kotlin.parsing.KotlinExpressionParsing.parseExpression(KotlinExpressionParsing.java:143)
	at org.jetbrains.kotlin.parsing.KotlinExpressionParsing.parseBlockLevelExpression(KotlinExpressionParsing.java:1320)
	at org.jetbrains.kotlin.parsing.KotlinExpressionParsing.parseStatement(KotlinExpressionParsing.java:1294)
	at org.jetbrains.kotlin.parsing.KotlinExpressionParsing.parseStatements(KotlinExpressionParsing.java:1256)
	at org.jetbrains.kotlin.parsing.KotlinExpressionParsing.parseStatements(KotlinExpressionParsing.java:1242)
	at org.jetbrains.kotlin.parsing.KotlinExpressionParsing.parseFunctionLiteral(KotlinExpressionParsing.java:1127)
	at org.jetbrains.kotlin.parsing.KotlinExpressionParsing.parseAnnotatedLambda(KotlinExpressionParsing.java:488)
	at org.jetbrains.kotlin.parsing.KotlinExpressionParsing.parseControlStructureBody(KotlinExpressionParsing.java:1473)
	at org.jetbrains.kotlin.parsing.KotlinExpressionParsing.parseIf(KotlinExpressionParsing.java:1578)
	at org.jetbrains.kotlin.parsing.KotlinExpressionParsing.parseAtomicExpression(KotlinExpressionParsing.java:562)
	at org.jetbrains.kotlin.parsing.KotlinExpressionParsing.parsePostfixExpression(KotlinExpressionParsing.java:351)
	at org.jetbrains.kotlin.parsing.KotlinExpressionParsing.parsePrefixExpression(KotlinExpressionParsing.java:278)
	at org.jetbrains.kotlin.parsing.KotlinExpressionParsing.parseBinaryExpression(KotlinExpressionParsing.java:168)
	at org.jetbrains.kotlin.parsing.KotlinExpressionParsing.parseExpression(KotlinExpressionParsing.java:152)
	at org.jetbrains.kotlin.parsing.KotlinExpressionParsing.parseExpression(KotlinExpressionParsing.java:143)
	at org.jetbrains.kotlin.parsing.KotlinExpressionParsing.parseBlockLevelExpression(KotlinExpressionParsing.java:1320)
	at org.jetbrains.kotlin.parsing.KotlinExpressionParsing.parseStatement(KotlinExpressionParsing.java:1294)
	at org.jetbrains.kotlin.parsing.KotlinExpressionParsing.parseStatements(KotlinExpressionParsing.java:1256)
	at org.jetbrains.kotlin.parsing.KotlinExpressionParsing.parseStatements(KotlinExpressionParsing.java:1242)
	at org.jetbrains.kotlin.parsing.KotlinExpressionParsing.parseFunctionLiteral(KotlinExpressionParsing.java:1127)
	at org.jetbrains.kotlin.parsing.KotlinExpressionParsing.parseAnnotatedLambda(KotlinExpressionParsing.java:488)
	at org.jetbrains.kotlin.parsing.KotlinExpressionParsing.parseControlStructureBody(KotlinExpressionParsing.java:1473)
	at org.jetbrains.kotlin.parsing.KotlinExpressionParsing.parseIf(KotlinExpressionParsing.java:1578)
	at org.jetbrains.kotlin.parsing.KotlinExpressionParsing.parseAtomicExpression(KotlinExpressionParsing.java:562)
	at org.jetbrains.kotlin.parsing.KotlinExpressionParsing.parsePostfixExpression(KotlinExpressionParsing.java:351)
	at org.jetbrains.kotlin.parsing.KotlinExpressionParsing.parsePrefixExpression(KotlinExpressionParsing.java:278)
	at org.jetbrains.kotlin.parsing.KotlinExpressionParsing.parseBinaryExpression(KotlinExpressionParsing.java:168)
	at org.jetbrains.kotlin.parsing.KotlinExpressionParsing.parseExpression(KotlinExpressionParsing.java:152)
	at org.jetbrains.kotlin.parsing.KotlinExpressionParsing.parseExpression(KotlinExpressionParsing.java:143)
	at org.jetbrains.kotlin.parsing.KotlinExpressionParsing.parseBlockLevelExpression(KotlinExpressionParsing.java:1320)
	at org.jetbrains.kotlin.parsing.KotlinExpressionParsing.parseStatement(KotlinExpressionParsing.java:1294)
	at org.jetbrains.kotlin.parsing.KotlinExpressionParsing.parseStatements(KotlinExpressionParsing.java:1256)
	at org.jetbrains.kotlin.parsing.KotlinExpressionParsing.parseStatements(KotlinExpressionParsing.java:1242)
	at org.jetbrains.kotlin.parsing.KotlinExpressionParsing.parseFunctionLiteral(KotlinExpressionParsing.java:1127)
	at org.jetbrains.kotlin.parsing.KotlinExpressionParsing.parseAnnotatedLambda(KotlinExpressionParsing.java:488)
	at org.jetbrains.kotlin.parsing.KotlinExpressionParsing.parseControlStructureBody(KotlinExpressionParsing.java:1473)
	at org.jetbrains.kotlin.parsing.KotlinExpressionParsing.parseIf(KotlinExpressionParsing.java:1578)
	at org.jetbrains.kotlin.parsing.KotlinExpressionParsing.parseAtomicExpression(KotlinExpressionParsing.java:562)
	at org.jetbrains.kotlin.parsing.KotlinExpressionParsing.parsePostfixExpression(KotlinExpressionParsing.java:351)
	at org.jetbrains.kotlin.parsing.KotlinExpressionParsing.parsePrefixExpression(KotlinExpressionParsing.java:278)
	at org.jetbrains.kotlin.parsing.KotlinExpressionParsing.parseBinaryExpression(KotlinExpressionParsing.java:168)
	at org.jetbrains.kotlin.parsing.KotlinExpressionParsing.parseExpression(KotlinExpressionParsing.java:152)
	at org.jetbrains.kotlin.parsing.KotlinExpressionParsing.parseExpression(KotlinExpressionParsing.java:143)
	at org.jetbrains.kotlin.parsing.KotlinExpressionParsing.parseBlockLevelExpression(KotlinExpressionParsing.java:1320)
	at org.jetbrains.kotlin.parsing.KotlinExpressionParsing.parseStatement(KotlinExpressionParsing.java:1294)
	at org.jetbrains.kotlin.parsing.KotlinExpressionParsing.parseStatements(KotlinExpressionParsing.java:1256)
	at org.jetbrains.kotlin.parsing.KotlinExpressionParsing.parseStatements(KotlinExpressionParsing.java:1242)
	at org.jetbrains.kotlin.parsing.KotlinExpressionParsing.parseFunctionLiteral(KotlinExpressionParsing.java:1127)
	at org.jetbrains.kotlin.parsing.KotlinExpressionParsing.parseAnnotatedLambda(KotlinExpressionParsing.java:488)
	at org.jetbrains.kotlin.parsing.KotlinExpressionParsing.parseControlStructureBody(KotlinExpressionParsing.java:1473)
	at org.jetbrains.kotlin.parsing.KotlinExpressionParsing.parseIf(KotlinExpressionParsing.java:1578)
	at org.jetbrains.kotlin.parsing.KotlinExpressionParsing.parseAtomicExpression(KotlinExpressionParsing.java:562)
	at org.jetbrains.kotlin.parsing.KotlinExpressionParsing.parsePostfixExpression(KotlinExpressionParsing.java:351)
	at org.jetbrains.kotlin.parsing.KotlinExpressionParsing.parsePrefixExpression(KotlinExpressionParsing.java:278)
	at org.jetbrains.kotlin.parsing.KotlinExpressionParsing.parseBinaryExpression(KotlinExpressionParsing.java:168)
	at org.jetbrains.kotlin.parsing.KotlinExpressionParsing.parseExpression(KotlinExpressionParsing.java:152)
	at org.jetbrains.kotlin.parsing.KotlinExpressionParsing.parseExpression(KotlinExpressionParsing.java:143)
	at org.jetbrains.kotlin.parsing.KotlinExpressionParsing.parseBlockLevelExpression(KotlinExpressionParsing.java:1320)
	at org.jetbrains.kotlin.parsing.KotlinExpressionParsing.parseStatement(KotlinExpressionParsing.java:1294)
	at org.jetbrains.kotlin.parsing.KotlinExpressionParsing.parseStatements(KotlinExpressionParsing.java:1256)
	at org.jetbrains.kotlin.parsing.KotlinExpressionParsing.parseStatements(KotlinExpressionParsing.java:1242)
	at org.jetbrains.kotlin.parsing.KotlinExpressionParsing.parseFunctionLiteral(KotlinExpressionParsing.java:1127)
	at org.jetbrains.kotlin.parsing.KotlinExpressionParsing.parseAnnotatedLambda(KotlinExpressionParsing.java:488)
	at org.jetbrains.kotlin.parsing.KotlinExpressionParsing.parseControlStructureBody(KotlinExpressionParsing.java:1473)
	at org.jetbrains.kotlin.parsing.KotlinExpressionParsing.parseIf(KotlinExpressionParsing.java:1578)
	at org.jetbrains.kotlin.parsing.KotlinExpressionParsing.parseAtomicExpression(KotlinExpressionParsing.java:562)
	at org.jetbrains.kotlin.parsing.KotlinExpressionParsing.parsePostfixExpression(KotlinExpressionParsing.java:351)
	at org.jetbrains.kotlin.parsing.KotlinExpressionParsing.parsePrefixExpression(KotlinExpressionParsing.java:278)
	at org.jetbrains.kotlin.parsing.KotlinExpressionParsing.parseBinaryExpression(KotlinExpressionParsing.java:168)
	at org.jetbrains.kotlin.parsing.KotlinExpressionParsing.parseExpression(KotlinExpressionParsing.java:152)
	at org.jetbrains.kotlin.parsing.KotlinExpressionParsing.parseExpression(KotlinExpressionParsing.java:143)
	at org.jetbrains.kotlin.parsing.KotlinExpressionParsing.parseBlockLevelExpression(KotlinExpressionParsing.java:1320)
	at org.jetbrains.kotlin.parsing.KotlinExpressionParsing.parseStatement(KotlinExpressionParsing.java:1294)
	at org.jetbrains.kotlin.parsing.KotlinExpressionParsing.parseStatements(KotlinExpressionParsing.java:1256)
	at org.jetbrains.kotlin.parsing.KotlinExpressionParsing.parseStatements(KotlinExpressionParsing.java:1242)
	at org.jetbrains.kotlin.parsing.KotlinExpressionParsing.parseFunctionLiteral(KotlinExpressionParsing.java:1127)
	at org.jetbrains.kotlin.parsing.KotlinExpressionParsing.parseAnnotatedLambda(KotlinExpressionParsing.java:488)
	at org.jetbrains.kotlin.parsing.KotlinExpressionParsing.parseControlStructureBody(KotlinExpressionParsing.java:1473)
	at org.jetbrains.kotlin.parsing.KotlinExpressionParsing.parseIf(KotlinExpressionParsing.java:1578)
	at org.jetbrains.kotlin.parsing.KotlinExpressionParsing.parseAtomicExpression(KotlinExpressionParsing.java:562)
	at org.jetbrains.kotlin.parsing.KotlinExpressionParsing.parsePostfixExpression(KotlinExpressionParsing.java:351)
	at org.jetbrains.kotlin.parsing.KotlinExpressionParsing.parsePrefixExpression(KotlinExpressionParsing.java:278)
	at org.jetbrains.kotlin.parsing.KotlinExpressionParsing.parseBinaryExpression(KotlinExpressionParsing.java:168)
	at org.jetbrains.kotlin.parsing.KotlinExpressionParsing.parseExpression(KotlinExpressionParsing.java:152)
	at org.jetbrains.kotlin.parsing.KotlinExpressionParsing.parseExpression(KotlinExpressionParsing.java:143)
	at org.jetbrains.kotlin.parsing.KotlinExpressionParsing.parseBlockLevelExpression(KotlinExpressionParsing.java:1320)
	at org.jetbrains.kotlin.parsing.KotlinExpressionParsing.parseStatement(KotlinExpressionParsing.java:1294)
	at org.jetbrains.kotlin.parsing.KotlinExpressionParsing.parseStatements(KotlinExpressionParsing.java:1256)
	at org.jetbrains.kotlin.parsing.KotlinExpressionParsing.parseStatements(KotlinExpressionParsing.java:1242)
	at org.jetbrains.kotlin.parsing.KotlinExpressionParsing.parseFunctionLiteral(KotlinExpressionParsing.java:1127)
	at org.jetbrains.kotlin.parsing.KotlinExpressionParsing.parseAnnotatedLambda(KotlinExpressionParsing.java:488)
	at org.jetbrains.kotlin.parsing.KotlinExpressionParsing.parseControlStructureBody(KotlinExpressionParsing.java:1473)
	at org.jetbrains.kotlin.parsing.KotlinExpressionParsing.parseIf(KotlinExpressionParsing.java:1578)
	at org.jetbrains.kotlin.parsing.KotlinExpressionParsing.parseAtomicExpression(KotlinExpressionParsing.java:562)
	at org.jetbrains.kotlin.parsing.KotlinExpressionParsing.parsePostfixExpression(KotlinExpressionParsing.java:351)
	at org.jetbrains.kotlin.parsing.KotlinExpressionParsing.parsePrefixExpression(KotlinExpressionParsing.java:278)
	at org.jetbrains.kotlin.parsing.KotlinExpressionParsing.parseBinaryExpression(KotlinExpressionParsing.java:168)
	at org.jetbrains.kotlin.parsing.KotlinExpressionParsing.parseExpression(KotlinExpressionParsing.java:152)
	at org.jetbrains.kotlin.parsing.KotlinExpressionParsing.parseExpression(KotlinExpressionParsing.java:143)
	at org.jetbrains.kotlin.parsing.KotlinExpressionParsing.parseBlockLevelExpression(KotlinExpressionParsing.java:1320)
	at org.jetbrains.kotlin.parsing.KotlinExpressionParsing.parseStatement(KotlinExpressionParsing.java:1294)
	at org.jetbrains.kotlin.parsing.KotlinExpressionParsing.parseStatements(KotlinExpressionParsing.java:1256)
	at org.jetbrains.kotlin.parsing.KotlinExpressionParsing.parseStatements(KotlinExpressionParsing.java:1242)
	at org.jetbrains.kotlin.parsing.KotlinExpressionParsing.parseFunctionLiteral(KotlinExpressionParsing.java:1127)
	at org.jetbrains.kotlin.parsing.KotlinExpressionParsing.parseAnnotatedLambda(KotlinExpressionParsing.java:488)
	at org.jetbrains.kotlin.parsing.KotlinExpressionParsing.parseControlStructureBody(KotlinExpressionParsing.java:1473)
	at org.jetbrains.kotlin.parsing.KotlinExpressionParsing.parseIf(KotlinExpressionParsing.java:1578)
	at org.jetbrains.kotlin.parsing.KotlinExpressionParsing.parseAtomicExpression(KotlinExpressionParsing.java:562)
	at org.jetbrains.kotlin.parsing.KotlinExpressionParsing.parsePostfixExpression(KotlinExpressionParsing.java:351)
	at org.jetbrains.kotlin.parsing.KotlinExpressionParsing.parsePrefixExpression(KotlinExpressionParsing.java:278)
	at org.jetbrains.kotlin.parsing.KotlinExpressionParsing.parseBinaryExpression(KotlinExpressionParsing.java:168)
	at org.jetbrains.kotlin.parsing.KotlinExpressionParsing.parseExpression(KotlinExpressionParsing.java:152)
	at org.jetbrains.kotlin.parsing.KotlinExpressionParsing.parseExpression(KotlinExpressionParsing.java:143)
	at org.jetbrains.kotlin.parsing.KotlinExpressionParsing.parseBlockLevelExpression(KotlinExpressionParsing.java:1320)
	at org.jetbrains.kotlin.parsing.KotlinExpressionParsing.parseStatement(KotlinExpressionParsing.java:1294)
	at org.jetbrains.kotlin.parsing.KotlinExpressionParsing.parseStatements(KotlinExpressionParsing.java:1256)
	at org.jetbrains.kotlin.parsing.KotlinExpressionParsing.parseStatements(KotlinExpressionParsing.java:1242)
	at org.jetbrains.kotlin.parsing.KotlinExpressionParsing.parseFunctionLiteral(KotlinExpressionParsing.java:1127)
	at org.jetbrains.kotlin.parsing.KotlinExpressionParsing.parseAnnotatedLambda(KotlinExpressionParsing.java:488)
	at org.jetbrains.kotlin.parsing.KotlinExpressionParsing.parseControlStructureBody(KotlinExpressionParsing.java:1473)
	at org.jetbrains.kotlin.parsing.KotlinExpressionParsing.parseIf(KotlinExpressionParsing.java:1578)
	at org.jetbrains.kotlin.parsing.KotlinExpressionParsing.parseAtomicExpression(KotlinExpressionParsing.java:562)
	at org.jetbrains.kotlin.parsing.KotlinExpressionParsing.parsePostfixExpression(KotlinExpressionParsing.java:351)
	at org.jetbrains.kotlin.parsing.KotlinExpressionParsing.parsePrefixExpression(KotlinExpressionParsing.java:278)
	at org.jetbrains.kotlin.parsing.KotlinExpressionParsing.parseBinaryExpression(KotlinExpressionParsing.java:168)
	at org.jetbrains.kotlin.parsing.KotlinExpressionParsing.parseExpression(KotlinExpressionParsing.java:152)
	at org.jetbrains.kotlin.parsing.KotlinExpressionParsing.parseExpression(KotlinExpressionParsing.java:143)
	at org.jetbrains.kotlin.parsing.KotlinExpressionParsing.parseBlockLevelExpression(KotlinExpressionParsing.java:1320)
	at org.jetbrains.kotlin.parsing.KotlinExpressionParsing.parseStatement(KotlinExpressionParsing.java:1294)
	at org.jetbrains.kotlin.parsing.KotlinExpressionParsing.parseStatements(KotlinExpressionParsing.java:1256)
	at org.jetbrains.kotlin.parsing.KotlinExpressionParsing.parseStatements(KotlinExpressionParsing.java:1242)
	at org.jetbrains.kotlin.parsing.KotlinExpressionParsing.parseFunctionLiteral(KotlinExpressionParsing.java:1127)
	at org.jetbrains.kotlin.parsing.KotlinExpressionParsing.parseAnnotatedLambda(KotlinExpressionParsing.java:488)
	at org.jetbrains.kotlin.parsing.KotlinExpressionParsing.parseControlStructureBody(KotlinExpressionParsing.java:1473)
	at org.jetbrains.kotlin.parsing.KotlinExpressionParsing.parseIf(KotlinExpressionParsing.java:1578)
	at org.jetbrains.kotlin.parsing.KotlinExpressionParsing.parseAtomicExpression(KotlinExpressionParsing.java:562)
	at org.jetbrains.kotlin.parsing.KotlinExpressionParsing.parsePostfixExpression(KotlinExpressionParsing.java:351)
	at org.jetbrains.kotlin.parsing.KotlinExpressionParsing.parsePrefixExpression(KotlinExpressionParsing.java:278)
	at org.jetbrains.kotlin.parsing.KotlinExpressionParsing.parseBinaryExpression(KotlinExpressionParsing.java:168)
	at org.jetbrains.kotlin.parsing.KotlinExpressionParsing.parseExpression(KotlinExpressionParsing.java:152)
	at org.jetbrains.kotlin.parsing.KotlinExpressionParsing.parseExpression(KotlinExpressionParsing.java:143)
	at org.jetbrains.kotlin.parsing.KotlinExpressionParsing.parseBlockLevelExpression(KotlinExpressionParsing.java:1320)
	at org.jetbrains.kotlin.parsing.KotlinExpressionParsing.parseStatement(KotlinExpressionParsing.java:1294)
	at org.jetbrains.kotlin.parsing.KotlinExpressionParsing.parseStatements(KotlinExpressionParsing.java:1256)
	at org.jetbrains.kotlin.parsing.KotlinExpressionParsing.parseStatements(KotlinExpressionParsing.java:1242)
	at org.jetbrains.kotlin.parsing.KotlinExpressionParsing.parseFunctionLiteral(KotlinExpressionParsing.java:1127)
	at org.jetbrains.kotlin.parsing.KotlinExpressionParsing.parseAnnotatedLambda(KotlinExpressionParsing.java:488)
	at org.jetbrains.kotlin.parsing.KotlinExpressionParsing.parseControlStructureBody(KotlinExpressionParsing.java:1473)
	at org.jetbrains.kotlin.parsing.KotlinExpressionParsing.parseIf(KotlinExpressionParsing.java:1578)
	at org.jetbrains.kotlin.parsing.KotlinExpressionParsing.parseAtomicExpression(KotlinExpressionParsing.java:562)
	at org.jetbrains.kotlin.parsing.KotlinExpressionParsing.parsePostfixExpression(KotlinExpressionParsing.java:351)
	at org.jetbrains.kotlin.parsing.KotlinExpressionParsing.parsePrefixExpression(KotlinExpressionParsing.java:278)
	at org.jetbrains.kotlin.parsing.KotlinExpressionParsing.parseBinaryExpression(KotlinExpressionParsing.java:168)
	at org.jetbrains.kotlin.parsing.KotlinExpressionParsing.parseExpression(KotlinExpressionParsing.java:152)
	at org.jetbrains.kotlin.parsing.KotlinExpressionParsing.parseExpression(KotlinExpressionParsing.java:143)
	at org.jetbrains.kotlin.parsing.KotlinExpressionParsing.parseBlockLevelExpression(KotlinExpressionParsing.java:1320)
	at org.jetbrains.kotlin.parsing.KotlinExpressionParsing.parseStatement(KotlinExpressionParsing.java:1294)
	at org.jetbrains.kotlin.parsing.KotlinExpressionParsing.parseStatements(KotlinExpressionParsing.java:1256)
	at org.jetbrains.kotlin.parsing.KotlinExpressionParsing.parseStatements(KotlinExpressionParsing.java:1242)
	at org.jetbrains.kotlin.parsing.KotlinExpressionParsing.parseFunctionLiteral(KotlinExpressionParsing.java:1127)
	at org.jetbrains.kotlin.parsing.KotlinExpressionParsing.parseAnnotatedLambda(KotlinExpressionParsing.java:488)
	at org.jetbrains.kotlin.parsing.KotlinExpressionParsing.parseControlStructureBody(KotlinExpressionParsing.java:1473)
	at org.jetbrains.kotlin.parsing.KotlinExpressionParsing.parseIf(KotlinExpressionParsing.java:1578)
	at org.jetbrains.kotlin.parsing.KotlinExpressionParsing.parseAtomicExpression(KotlinExpressionParsing.java:562)
	at org.jetbrains.kotlin.parsing.KotlinExpressionParsing.parsePostfixExpression(KotlinExpressionParsing.java:351)
	at org.jetbrains.kotlin.parsing.KotlinExpressionParsing.parsePrefixExpression(KotlinExpressionParsing.java:278)
	at org.jetbrains.kotlin.parsing.KotlinExpressionParsing.parseBinaryExpression(KotlinExpressionParsing.java:168)
	at org.jetbrains.kotlin.parsing.KotlinExpressionParsing.parseExpression(KotlinExpressionParsing.java:152)
	at org.jetbrains.kotlin.parsing.KotlinExpressionParsing.parseExpression(KotlinExpressionParsing.java:143)
	at org.jetbrains.kotlin.parsing.KotlinExpressionParsing.parseBlockLevelExpression(KotlinExpressionParsing.java:1320)
	at org.jetbrains.kotlin.parsing.KotlinExpressionParsing.parseStatement(KotlinExpressionParsing.java:1294)
	at org.jetbrains.kotlin.parsing.KotlinExpressionParsing.parseStatements(KotlinExpressionParsing.java:1256)
	at org.jetbrains.kotlin.parsing.KotlinExpressionParsing.parseStatements(KotlinExpressionParsing.java:1242)
	at org.jetbrains.kotlin.parsing.KotlinExpressionParsing.parseFunctionLiteral(KotlinExpressionParsing.java:1127)
	at org.jetbrains.kotlin.parsing.KotlinExpressionParsing.parseAnnotatedLambda(KotlinExpressionParsing.java:488)
	at org.jetbrains.kotlin.parsing.KotlinExpressionParsing.parseControlStructureBody(KotlinExpressionParsing.java:1473)
	at org.jetbrains.kotlin.parsing.KotlinExpressionParsing.parseIf(KotlinExpressionParsing.java:1578)
	at org.jetbrains.kotlin.parsing.KotlinExpressionParsing.parseAtomicExpression(KotlinExpressionParsing.java:562)
	at org.jetbrains.kotlin.parsing.KotlinExpressionParsing.parsePostfixExpression(KotlinExpressionParsing.java:351)
	at org.jetbrains.kotlin.parsing.KotlinExpressionParsing.parsePrefixExpression(KotlinExpressionParsing.java:278)
	at org.jetbrains.kotlin.parsing.KotlinExpressionParsing.parseBinaryExpression(KotlinExpressionParsing.java:168)
	at org.jetbrains.kotlin.parsing.KotlinExpressionParsing.parseExpression(KotlinExpressionParsing.java:152)
	at org.jetbrains.kotlin.parsing.KotlinExpressionParsing.parseExpression(KotlinExpressionParsing.java:143)
	at org.jetbrains.kotlin.parsing.KotlinExpressionParsing.parseBlockLevelExpression(KotlinExpressionParsing.java:1320)
	at org.jetbrains.kotlin.parsing.KotlinExpressionParsing.parseStatement(KotlinExpressionParsing.java:1294)
	at org.jetbrains.kotlin.parsing.KotlinExpressionParsing.parseStatements(KotlinExpressionParsing.java:1256)
	at org.jetbrains.kotlin.parsing.KotlinExpressionParsing.parseStatements(KotlinExpressionParsing.java:1242)
	at org.jetbrains.kotlin.parsing.KotlinExpressionParsing.parseFunctionLiteral(KotlinExpressionParsing.java:1127)
	at org.jetbrains.kotlin.parsing.KotlinExpressionParsing.parseAnnotatedLambda(KotlinExpressionParsing.java:488)
	at org.jetbrains.kotlin.parsing.KotlinExpressionParsing.parseControlStructureBody(KotlinExpressionParsing.java:1473)
	at org.jetbrains.kotlin.parsing.KotlinExpressionParsing.parseIf(KotlinExpressionParsing.java:1578)
	at org.jetbrains.kotlin.parsing.KotlinExpressionParsing.parseAtomicExpression(KotlinExpressionParsing.java:562)
	at org.jetbrains.kotlin.parsing.KotlinExpressionParsing.parsePostfixExpression(KotlinExpressionParsing.java:351)
	at org.jetbrains.kotlin.parsing.KotlinExpressionParsing.parsePrefixExpression(KotlinExpressionParsing.java:278)
	at org.jetbrains.kotlin.parsing.KotlinExpressionParsing.parseBinaryExpression(KotlinExpressionParsing.java:168)
	at org.jetbrains.kotlin.parsing.KotlinExpressionParsing.parseExpression(KotlinExpressionParsing.java:152)
	at org.jetbrains.kotlin.parsing.KotlinExpressionParsing.parseExpression(KotlinExpressionParsing.java:143)
	at org.jetbrains.kotlin.parsing.KotlinExpressionParsing.parseBlockLevelExpression(KotlinExpressionParsing.java:1320)
	at org.jetbrains.kotlin.parsing.KotlinExpressionParsing.parseStatement(KotlinExpressionParsing.java:1294)
	at org.jetbrains.kotlin.parsing.KotlinExpressionParsing.parseStatements(KotlinExpressionParsing.java:1256)
	at org.jetbrains.kotlin.parsing.KotlinExpressionParsing.parseStatements(KotlinExpressionParsing.java:1242)
	at org.jetbrains.kotlin.parsing.KotlinExpressionParsing.parseFunctionLiteral(KotlinExpressionParsing.java:1127)
	at org.jetbrains.kotlin.parsing.KotlinExpressionParsing.parseAnnotatedLambda(KotlinExpressionParsing.java:488)
	at org.jetbrains.kotlin.parsing.KotlinExpressionParsing.parseControlStructureBody(KotlinExpressionParsing.java:1473)
	at org.jetbrains.kotlin.parsing.KotlinExpressionParsing.parseIf(KotlinExpressionParsing.java:1578)
	at org.jetbrains.kotlin.parsing.KotlinExpressionParsing.parseAtomicExpression(KotlinExpressionParsing.java:562)
	at org.jetbrains.kotlin.parsing.KotlinExpressionParsing.parsePostfixExpression(KotlinExpressionParsing.java:351)
	at org.jetbrains.kotlin.parsing.KotlinExpressionParsing.parsePrefixExpression(KotlinExpressionParsing.java:278)
	at org.jetbrains.kotlin.parsing.KotlinExpressionParsing.parseBinaryExpression(KotlinExpressionParsing.java:168)
	at org.jetbrains.kotlin.parsing.KotlinExpressionParsing.parseExpression(KotlinExpressionParsing.java:152)
	at org.jetbrains.kotlin.parsing.KotlinExpressionParsing.parseExpression(KotlinExpressionParsing.java:143)
	at org.jetbrains.kotlin.parsing.KotlinExpressionParsing.parseBlockLevelExpression(KotlinExpressionParsing.java:1320)
	at org.jetbrains.kotlin.parsing.KotlinExpressionParsing.parseStatement(KotlinExpressionParsing.java:1294)
	at org.jetbrains.kotlin.parsing.KotlinExpressionParsing.parseStatements(KotlinExpressionParsing.java:1256)
	at org.jetbrains.kotlin.parsing.KotlinExpressionParsing.parseStatements(KotlinExpressionParsing.java:1242)
	at org.jetbrains.kotlin.parsing.KotlinExpressionParsing.parseFunctionLiteral(KotlinExpressionParsing.java:1127)
	at org.jetbrains.kotlin.parsing.KotlinExpressionParsing.parseAnnotatedLambda(KotlinExpressionParsing.java:488)
	at org.jetbrains.kotlin.parsing.KotlinExpressionParsing.parseControlStructureBody(KotlinExpressionParsing.java:1473)


